cc_num,first,last,gender,street,city,zip,job,dob
2468117351683689,Jane,Clark,M,1st Ave,Los Angeles,14540.0,Lawyer,1992-12-07
7312796986089604,Alice,Johnson,F,Elm St,Houston,24562.0,Clerk,1969-09-29
8219705739824918,Bob,Clark,M,1st Ave,Phoenix,60521.0,Doctor,2002-12-20
9983622937436029,Jane,Johnson,F,2nd Ave,Phoenix,71277.0,Teacher,1970-03-13
5847400826403727,Bob,Johnson,M,Maple St,Los Angeles,69097.0,Engineer,1986-08-20
6126632551643074,Emily,Johnson,M,Main St,Houston,82356.0,Nurse,1967-12-26
2801374844713453,Jane,Smith,F,1st Ave,Chicago,,,2002-10-12
5720410738413993,Emily,Clark,F,Elm St,Los Angeles,31554.0,Teacher,1975-02-12
5759528691173043,Nancy,Williams,F,2nd Ave,Chicago,86148.0,Clerk,1964-12-26
9176521297121230,Nancy,Davis,M,Broadway,New York,37305.0,Nurse,1978-09-30
7375843319033803,Bob,Johnson,M,Broadway,Chicago,39640.0,Teacher,1977-06-10
2047360634136339,John,Smith,M,Maple St,Los Angeles,51437.0,Lawyer,1968-09-03
4217166742735358,Joe,Brown,M,2nd Ave,Houston,12291.0,Engineer,1991-03-02
6874874542906521,John,Johnson,F,Maple St,Chicago,64828.0,Lawyer,1981-12-03
5743724779323932,Jane,Wilson,F,Broadway,New York,31206.0,Clerk,1969-07-27
9654872472567215,John,Brown,F,Elm St,Houston,54899.0,Doctor,1986-12-04
6993579738258838,Mike,Brown,F,Maple St,Phoenix,22695.0,Artist,1981-05-09
8630555527883372,Emily,Jones,M,Main St,Phoenix,83118.0,Engineer,1970-09-17
4670281932713873,Bob,Smith,M,Maple St,Houston,94020.0,Doctor,1956-10-26
8440232517975683,Jane,Smith,F,2nd Ave,Los Angeles,47929.0,Nurse,1995-09-16
5283666535001058,Emily,Clark,F,Main St,Chicago,87415.0,Teacher,1965-03-22
8234212817097551,John,Johnson,F,Main St,Chicago,58289.0,Teacher,1980-04-01
2795820813047956,Jane,Clark,F,2nd Ave,Houston,11350.0,Clerk,1983-09-27
8186428431838732,Joe,Clark,F,1st Ave,Chicago,93409.0,Clerk,1957-08-18
5907673211065893,Mike,Johnson,M,Elm St,Phoenix,54597.0,Engineer,1986-10-06
4190774759011013,Joe,Johnson,M,2nd Ave,Houston,45635.0,Artist,1969-12-15
6997559541615605,Jane,Clark,M,Elm St,Chicago,62717.0,Artist,1989-08-27
9953660435726429,Joe,Wilson,M,Main St,New York,57628.0,Teacher,1994-11-25
2817868126442547,Joe,Smith,F,Main St,Los Angeles,68817.0,Teacher,1955-10-11
8060511762642782,Jane,Brown,F,1st Ave,New York,36223.0,Doctor,1996-07-08
7665762872999898,Nancy,Brown,M,Main St,New York,60174.0,Lawyer,1957-07-24
6181243869749533,Joe,Johnson,F,2nd Ave,Chicago,58183.0,Teacher,1969-05-07
8620383969286195,Nancy,Brown,M,Elm St,Houston,31607.0,Doctor,1991-03-19
5609314010487205,Emily,Johnson,F,1st Ave,Phoenix,20414.0,Clerk,1999-12-13
5700571374994535,Alice,Davis,M,Maple St,Houston,75484.0,Lawyer,1991-03-08
1899808323479476,Alice,Williams,F,2nd Ave,Chicago,55377.0,Teacher,2002-12-31
2661147954578566,Alice,Brown,F,Elm St,Chicago,84819.0,Engineer,1981-04-02
3027985595749481,Alice,Davis,M,Elm St,Phoenix,64796.0,Engineer,1967-09-17
7114656218609078,Joe,Smith,F,Broadway,New York,28763.0,Engineer,1965-03-24
5592459586783938,Bob,Davis,M,Broadway,New York,56752.0,Nurse,1964-01-07
2614458865063690,Mike,Jones,M,2nd Ave,Houston,23989.0,Engineer,2000-02-09
6490495945119107,Nancy,Davis,F,1st Ave,Los Angeles,83002.0,Teacher,1972-02-07
1379606186864305,Jane,Davis,M,Elm St,Chicago,25201.0,Teacher,1960-08-12
2823728314429617,Joe,Davis,F,Elm St,Phoenix,86842.0,Artist,2005-01-25
9533648492502861,Nancy,Clark,F,2nd Ave,Houston,41560.0,Engineer,1960-04-21
6359899219763817,Emily,Wilson,F,1st Ave,Phoenix,73686.0,Artist,1958-02-13
2884670678063884,Mike,Smith,F,Maple St,New York,97683.0,Engineer,1970-03-19
6842210383335174,Jane,Clark,F,Main St,New York,43257.0,Doctor,1970-07-18
4374550567274595,Emily,Smith,M,Maple St,Houston,28975.0,Lawyer,1982-07-02
3995222018549835,Alice,Jones,F,1st Ave,Los Angeles,,,1970-04-07
2571293851265563,Bob,Johnson,M,Main St,New York,91955.0,Doctor,1964-05-24
7825159669656221,Jane,Clark,M,Elm St,Phoenix,60457.0,Teacher,1999-01-10
5945200268232448,Jane,Brown,F,Broadway,Chicago,50597.0,Engineer,1987-03-27
7722576976746866,John,Smith,M,Broadway,Chicago,45466.0,Doctor,1975-09-01
3256118650539243,Bob,Brown,F,2nd Ave,Los Angeles,29224.0,Clerk,1999-01-31
6705915894177882,Bob,Wilson,M,Maple St,Houston,82526.0,Doctor,1983-08-25
3370594491936288,Joe,Jones,M,1st Ave,Los Angeles,67516.0,Clerk,1972-03-31
4977764258366465,Bob,Davis,M,1st Ave,Phoenix,19891.0,Lawyer,2001-04-17
8878432890524298,Joe,Jones,M,Main St,Los Angeles,74101.0,Teacher,1957-09-06
1724820482737953,Mike,Wilson,F,2nd Ave,Chicago,38961.0,Lawyer,1990-06-15
3075507544386687,Joe,Brown,M,1st Ave,New York,32815.0,Lawyer,1966-11-15
3196223785287279,Joe,Brown,F,2nd Ave,New York,62325.0,Clerk,1977-01-21
4303219970471381,Alice,Wilson,M,Main St,Houston,28882.0,Artist,1984-09-26
1684979954857890,John,Jones,F,Maple St,Phoenix,52995.0,Artist,1959-04-09
1217225462219229,Mike,Johnson,M,Elm St,Houston,87754.0,Lawyer,1970-09-13
8894287466909439,Joe,Brown,F,2nd Ave,Los Angeles,26504.0,Teacher,1988-09-24
4417687621099975,Emily,Wilson,F,Broadway,Los Angeles,27464.0,Engineer,1959-10-16
4179692415914980,Alice,Williams,F,Elm St,Los Angeles,44204.0,Lawyer,1959-02-26
3609566622776991,Nancy,Davis,F,1st Ave,Phoenix,73048.0,Nurse,1984-07-26
4599980840728872,Jane,Wilson,F,Maple St,New York,51812.0,Teacher,1959-04-10
4981212880039478,Joe,Wilson,F,Main St,Chicago,99030.0,Doctor,2005-06-27
3013328936658868,Joe,Williams,M,Main St,Chicago,21182.0,Doctor,1994-06-01
4589811631027476,John,Brown,M,Broadway,Los Angeles,99385.0,Teacher,1994-05-04
7145604638895575,Joe,Smith,F,2nd Ave,Los Angeles,65306.0,Clerk,1957-08-20
1886884028307703,Mike,Jones,F,Broadway,Los Angeles,21254.0,Doctor,1960-12-19
7649278990724637,John,Johnson,M,2nd Ave,Phoenix,79177.0,Teacher,1971-03-15
8996687321011669,Alice,Williams,F,Broadway,Chicago,32881.0,Engineer,1972-02-14
7130465082112317,Emily,Williams,M,Broadway,Houston,52957.0,Artist,1978-12-25
5507317956865447,Emily,Smith,F,Main St,New York,13823.0,Artist,1967-03-20
2643137074075145,Mike,Brown,F,2nd Ave,Houston,40805.0,Teacher,1985-01-31
5065274732152345,Nancy,Smith,M,Broadway,New York,77480.0,Engineer,1991-12-16
8152970450982536,Emily,Johnson,F,Maple St,Phoenix,41846.0,Teacher,1985-09-29
6173599782932050,Mike,Brown,M,Maple St,New York,73301.0,Lawyer,1973-12-09
2642302152966994,John,Williams,F,1st Ave,Phoenix,81981.0,Nurse,1961-05-10
9879660330733643,Jane,Williams,F,Maple St,Chicago,39743.0,Engineer,2002-08-23
9950241532414227,Jane,Wilson,F,Maple St,New York,74233.0,Nurse,1988-09-20
9642357869662348,Jane,Jones,M,Maple St,Los Angeles,47909.0,Clerk,2004-11-22
4230825777157346,Alice,Johnson,F,Main St,Los Angeles,83551.0,Doctor,1992-08-03
8248577492453139,John,Wilson,M,Main St,Phoenix,90046.0,Engineer,1959-04-21
8240551617771676,Joe,Wilson,M,Main St,Chicago,48897.0,Doctor,1977-11-16
8926858464803278,Emily,Williams,M,Main St,Phoenix,22017.0,Lawyer,1981-11-13
8565533170763137,Alice,Smith,M,Broadway,Houston,34592.0,Clerk,1959-07-24
3535496097775147,Alice,Williams,F,Maple St,Houston,62994.0,Clerk,1972-10-14
3853924262812167,Emily,Smith,M,Broadway,Houston,12443.0,Artist,1996-04-08
8762870739564985,Jane,Smith,M,Maple St,Los Angeles,55765.0,Lawyer,2005-03-16
9922595038828091,Jane,Davis,F,Main St,Houston,13147.0,Clerk,1996-07-30
9708929633047813,Jane,Davis,F,Broadway,New York,83930.0,Engineer,1956-09-06
9522467417587573,Nancy,Wilson,F,Broadway,Houston,18424.0,Engineer,1993-11-11
5486850555576402,Emily,Davis,F,2nd Ave,Los Angeles,55726.0,Nurse,1971-01-28
7062417133234802,John,Brown,M,1st Ave,New York,56194.0,Doctor,2004-04-02
9355856681663424,John,Brown,M,2nd Ave,Chicago,55825.0,Nurse,1956-07-04
5516442848951216,Emily,Wilson,M,Elm St,Phoenix,28156.0,Engineer,2001-12-24
5078442582017997,Jane,Williams,F,2nd Ave,Phoenix,42863.0,Artist,1964-11-22
9324980557371715,Alice,Williams,F,1st Ave,New York,88463.0,Nurse,1958-02-26
6595820336089781,John,Smith,M,1st Ave,New York,,,1969-02-09
8454886440761098,Mike,Brown,F,2nd Ave,Phoenix,34323.0,Teacher,1965-04-21
3345927695864539,Alice,Wilson,M,Maple St,Phoenix,30373.0,Doctor,1980-12-30
2940396818286852,Emily,Williams,F,2nd Ave,New York,72797.0,Lawyer,1956-06-04
1184930649691583,Joe,Brown,F,Maple St,Phoenix,20212.0,Lawyer,2000-11-13
3658335989258275,Alice,Johnson,F,Elm St,Chicago,57452.0,Nurse,1996-02-15
5175214580807676,Nancy,Smith,M,Maple St,Houston,70914.0,Artist,1968-11-24
4399781539604622,Bob,Davis,F,Main St,Houston,36799.0,Lawyer,1995-07-05
9960500199181567,John,Wilson,F,1st Ave,Chicago,17877.0,Teacher,1985-11-09
7096992961511116,Nancy,Brown,M,Main St,Houston,44860.0,Teacher,1991-02-02
3037141694723776,Mike,Williams,M,Maple St,Houston,81034.0,Nurse,1980-10-22
5235189785111382,John,Wilson,M,Elm St,Houston,61036.0,Lawyer,1978-01-09
7226611618681468,Nancy,Wilson,F,Broadway,Los Angeles,80537.0,Lawyer,1989-12-26
7062465154578564,Alice,Clark,F,Broadway,Chicago,63677.0,Clerk,1979-12-02
3114833527098902,Emily,Clark,M,Maple St,Phoenix,84403.0,Clerk,1964-07-13
3138258712027404,John,Smith,F,Main St,New York,44401.0,Engineer,1969-08-06
6990594561276063,Alice,Jones,M,2nd Ave,Chicago,19522.0,Nurse,1960-09-10
5602343566482804,Mike,Smith,F,1st Ave,Chicago,53935.0,Engineer,1961-04-12
5469835963135361,Alice,Johnson,F,Main St,Los Angeles,24751.0,Teacher,1987-08-28
3974869953136181,Nancy,Smith,F,2nd Ave,Los Angeles,76802.0,Artist,1982-07-09
1370655398616679,Emily,Clark,M,Elm St,Houston,89502.0,Nurse,1969-03-16
9072806671954412,Jane,Clark,M,2nd Ave,Los Angeles,75672.0,Artist,1986-06-03
6104744647432099,Emily,Davis,F,Elm St,Phoenix,97097.0,Engineer,1968-08-02
5079509814473311,Alice,Davis,M,Main St,Phoenix,84659.0,Artist,1980-07-28
7824308251632226,Jane,Brown,M,Broadway,Houston,49692.0,Teacher,1955-11-07
6565856837464655,Mike,Brown,F,Maple St,Los Angeles,18360.0,Artist,1968-10-17
6525984970382397,Mike,Williams,F,1st Ave,Houston,57723.0,Lawyer,2004-12-03
5604743620825273,Alice,Williams,M,Main St,New York,30889.0,Nurse,2005-01-30
1078594386886355,Jane,Smith,M,Broadway,Los Angeles,99975.0,Engineer,1971-09-04
6715685094256252,Joe,Davis,F,Elm St,Los Angeles,,,1964-01-01
2317809293415808,Alice,Smith,F,1st Ave,Los Angeles,84283.0,Artist,1996-09-16
5052353373161446,Joe,Wilson,F,2nd Ave,Los Angeles,67941.0,Artist,1987-10-20
2625995315982576,Nancy,Davis,F,Main St,Phoenix,86573.0,Doctor,1961-03-25
9529422170838008,Joe,Wilson,F,2nd Ave,Houston,65884.0,Artist,1975-09-28
7966357354272468,Mike,Smith,M,1st Ave,Phoenix,38895.0,Lawyer,1964-05-25
8870220784742643,Joe,Brown,M,Main St,Houston,63156.0,Artist,1971-10-12
7106171954817091,Jane,Clark,M,Main St,New York,35401.0,Engineer,1985-05-03
2577458893148050,Bob,Brown,M,Maple St,Los Angeles,36274.0,Engineer,1985-12-23
6456820738894681,Bob,Jones,M,2nd Ave,Chicago,,,1963-01-07
3111893892436288,Mike,Clark,F,2nd Ave,Phoenix,11531.0,Clerk,1984-08-06
5668396543971801,Emily,Jones,F,Broadway,Chicago,10243.0,Clerk,1959-08-13
3866200794466821,Jane,Jones,F,Maple St,New York,91954.0,Clerk,1981-01-13
5491563353191361,Joe,Williams,F,2nd Ave,Chicago,84918.0,Doctor,1997-12-30
4389433074739510,Alice,Brown,M,Elm St,New York,33813.0,Lawyer,1965-06-13
9578530448361640,Emily,Smith,M,Broadway,Phoenix,15453.0,Lawyer,1957-12-17
3517624483828049,Emily,Smith,M,2nd Ave,New York,56144.0,Clerk,1977-11-06
2342434866334939,Nancy,Jones,F,Main St,Phoenix,97149.0,Clerk,1999-05-17
7169962163186267,Mike,Williams,M,2nd Ave,Phoenix,88676.0,Nurse,1998-04-29
8711179386534323,Mike,Williams,F,Maple St,Chicago,37034.0,Nurse,1978-12-18
8622477982722059,John,Jones,F,1st Ave,Houston,51941.0,Nurse,1959-05-20
9413292041933773,Emily,Clark,M,Broadway,Houston,10008.0,Doctor,1987-03-28
3279298052273240,Emily,Smith,F,Main St,Houston,15001.0,Clerk,2002-01-15
2046819720795596,Nancy,Williams,M,2nd Ave,Los Angeles,95173.0,Nurse,1980-08-24
2996996322604617,Alice,Davis,M,1st Ave,Chicago,79239.0,Doctor,1967-08-07
2619248636979924,Alice,Davis,F,Broadway,New York,91201.0,Doctor,1975-12-29
5066714465532169,Bob,Johnson,F,Broadway,Houston,42880.0,Teacher,1955-08-28
8608942384519778,John,Davis,F,Broadway,Chicago,35517.0,Nurse,2001-02-13
7606386997793953,Emily,Jones,M,Main St,Los Angeles,11342.0,Nurse,1955-07-02
4983992816284718,Alice,Smith,M,2nd Ave,Chicago,43533.0,Lawyer,1970-08-11
1082317874685593,Emily,Johnson,M,Main St,New York,96246.0,Nurse,1959-09-07
5689214937905290,Joe,Brown,M,Elm St,Houston,56559.0,Doctor,1989-05-25
4735412141347653,Alice,Smith,F,2nd Ave,New York,99022.0,Clerk,1982-12-29
9832545830589359,Nancy,Wilson,F,Elm St,Los Angeles,55567.0,Nurse,1969-04-20
6726872814611978,Bob,Johnson,F,2nd Ave,New York,10679.0,Engineer,2006-02-01
7853635243145573,John,Brown,M,Broadway,Los Angeles,49867.0,Lawyer,1994-10-30
7875519768769935,John,Williams,M,Main St,New York,89538.0,Artist,1978-11-05
3059290990944727,Jane,Clark,M,Elm St,Los Angeles,56980.0,Engineer,1976-12-19
3892918951589889,Emily,Smith,F,Broadway,Chicago,69806.0,Doctor,2002-04-21
8201147363782621,Nancy,Smith,F,Broadway,Chicago,44862.0,Engineer,1978-11-14
5434392624895445,Mike,Williams,M,Maple St,Chicago,17309.0,Artist,1997-12-04
4183248211045301,Jane,Smith,F,Elm St,Chicago,89640.0,Doctor,1983-09-05
5884970060828187,John,Clark,M,2nd Ave,New York,19300.0,Lawyer,1959-03-19
2779982782632545,Emily,Jones,M,Elm St,Phoenix,12140.0,Artist,1964-04-23
6016996448475856,Bob,Wilson,F,Main St,Los Angeles,95421.0,Teacher,2005-08-12
4122315173475976,Joe,Johnson,M,1st Ave,Los Angeles,21692.0,Engineer,1977-01-11
2980147560808381,Jane,Brown,M,2nd Ave,Phoenix,15683.0,Lawyer,1988-07-18
6043914128567345,Bob,Brown,F,Broadway,Los Angeles,84622.0,Teacher,1968-10-26
9989579760163263,John,Johnson,F,Maple St,Los Angeles,63365.0,Doctor,1998-05-11
4920577175372430,Emily,Jones,M,Elm St,Chicago,57080.0,Doctor,1965-01-17
3265698529432098,Bob,Smith,M,Maple St,Los Angeles,79788.0,Teacher,1983-09-10
1712118452952845,Jane,Williams,F,Maple St,Los Angeles,79040.0,Artist,2002-06-17
1717402167435728,John,Williams,F,1st Ave,Houston,17360.0,Artist,1998-05-23
2039292288533304,John,Wilson,M,Maple St,Los Angeles,21871.0,Lawyer,1962-01-14
8971211225325405,Jane,Smith,M,Elm St,Phoenix,11859.0,Clerk,1957-06-14
7908709590511401,Emily,Davis,F,1st Ave,Los Angeles,61198.0,Teacher,1996-04-03
8788888116037393,Mike,Brown,M,2nd Ave,Phoenix,29130.0,Engineer,1991-11-11
3220561957909680,Jane,Johnson,M,Elm St,Los Angeles,17399.0,Teacher,1971-11-07
9191282011058666,Jane,Johnson,F,Elm St,Phoenix,74589.0,Nurse,1983-02-19
9953425339818617,Emily,Brown,M,1st Ave,Los Angeles,80009.0,Engineer,1982-12-17
5552705659737069,Alice,Clark,F,Main St,Los Angeles,95683.0,Lawyer,2002-03-07
1948382554595612,John,Johnson,F,Maple St,Houston,56327.0,Clerk,1968-08-11
3612846337268390,Alice,Brown,M,Broadway,Houston,54877.0,Clerk,1994-08-27
4031647356924302,Alice,Clark,F,1st Ave,Los Angeles,50693.0,Engineer,1999-08-15
9021629682582227,Alice,Jones,F,Maple St,Houston,55567.0,Doctor,2006-09-05
4320940370598638,Bob,Smith,F,Elm St,New York,94609.0,Doctor,1963-12-22
4891898046162335,Nancy,Brown,M,1st Ave,New York,11044.0,Doctor,1987-08-14
4090610615501003,Jane,Jones,F,1st Ave,Chicago,14892.0,Clerk,1982-09-30
2609818459278771,Alice,Brown,M,Elm St,Chicago,68443.0,Engineer,1981-03-20
5632194182178053,Bob,Jones,F,Elm St,New York,72801.0,Clerk,2000-02-23
2098951072455085,Bob,Jones,F,Main St,Chicago,73909.0,Doctor,2001-01-07
6680709859321007,Nancy,Jones,F,Main St,Los Angeles,50936.0,Artist,1986-12-30
4189759174939390,John,Wilson,F,Main St,Los Angeles,34223.0,Artist,1963-05-01
4619787349754203,Jane,Smith,F,Maple St,Chicago,64952.0,Lawyer,1997-03-22
7434166958884383,Emily,Wilson,M,Elm St,New York,68133.0,Lawyer,1992-12-19
8438375146249293,Mike,Brown,M,2nd Ave,Phoenix,84211.0,Engineer,1987-03-04
6169450853766524,Jane,Davis,F,Main St,Los Angeles,73913.0,Teacher,1962-12-21
4410778697182276,Bob,Wilson,F,Broadway,Houston,57243.0,Teacher,1957-03-20
4188516182981087,Joe,Brown,M,Maple St,Phoenix,71908.0,Lawyer,1972-02-08
3935869139323712,Jane,Brown,F,Maple St,Houston,20759.0,Clerk,1983-05-25
3823212759487420,John,Jones,F,2nd Ave,Los Angeles,37803.0,Engineer,1974-11-13
2045994773695268,Jane,Johnson,M,Main St,Chicago,98888.0,Lawyer,1961-08-12
2213510810398108,Nancy,Johnson,F,Broadway,Houston,27588.0,Doctor,1974-12-12
6424990980134525,Bob,Brown,M,Elm St,New York,22491.0,Doctor,1989-02-01
8637470522681393,Joe,Johnson,F,Broadway,Houston,89124.0,Lawyer,1994-07-18
5841410614599015,Nancy,Davis,M,Main St,New York,84290.0,Doctor,1963-11-27
7387591731612817,Bob,Wilson,M,1st Ave,Phoenix,17046.0,Nurse,1999-01-24
7217626590375513,Alice,Johnson,M,1st Ave,Phoenix,95948.0,Artist,1955-02-01
7080440013134134,Bob,Johnson,M,Broadway,Chicago,13043.0,Nurse,2003-06-17
1445967671799808,John,Jones,F,Elm St,New York,54019.0,Artist,1975-11-01
4406356390122397,Bob,Clark,F,2nd Ave,Chicago,39096.0,Artist,2001-05-01
7403603358432640,Jane,Wilson,M,1st Ave,Houston,93771.0,Nurse,2005-02-08
4967457890134547,Emily,Brown,F,Maple St,Chicago,85307.0,Teacher,1966-10-06
1395106197202978,Emily,Clark,F,2nd Ave,Houston,60508.0,Clerk,1964-08-20
4833127936623073,Emily,Wilson,F,Elm St,Phoenix,17912.0,Teacher,1980-11-10
5089425082847489,Mike,Davis,F,1st Ave,Chicago,41772.0,Engineer,1983-05-17
7870369412565618,Bob,Wilson,M,Elm St,Phoenix,40378.0,Teacher,1979-05-12
8895717573877837,Emily,Clark,F,Main St,Houston,21172.0,Clerk,1987-11-14
6628538377634313,Joe,Davis,F,2nd Ave,New York,14026.0,Artist,1959-09-15
8805836189127154,John,Wilson,F,Main St,Los Angeles,35415.0,Lawyer,2000-02-10
3445978678159930,Nancy,Clark,F,Elm St,Houston,27427.0,Clerk,1958-09-23
9991842437016603,John,Wilson,F,Elm St,Houston,64187.0,Engineer,1957-05-22
6391518678129070,Emily,Brown,M,Broadway,Los Angeles,38727.0,Engineer,1996-08-23
7460144084731973,John,Davis,F,Broadway,Los Angeles,48217.0,Lawyer,1993-06-18
8035686794908331,Emily,Williams,F,1st Ave,Phoenix,84638.0,Nurse,1972-10-14
7281138416485122,John,Williams,F,Main St,Houston,41480.0,Teacher,1997-05-18
3667493747126450,Jane,Johnson,F,Main St,Houston,68807.0,Engineer,1991-05-20
3281696728802954,Alice,Clark,M,Elm St,Chicago,80839.0,Nurse,1982-11-07
5354979190264123,Nancy,Wilson,F,Broadway,Los Angeles,29501.0,Artist,1955-06-12
8380676395244843,Joe,Clark,F,2nd Ave,New York,,,1968-02-21
7274815158912488,Joe,Brown,M,Elm St,Houston,87245.0,Artist,1971-04-18
3622556887399519,Mike,Johnson,F,Main St,Chicago,12055.0,Nurse,1989-02-15
3700790148177958,Nancy,Clark,M,Main St,New York,71267.0,Nurse,1981-09-17
5152617136263396,Emily,Clark,F,Elm St,Phoenix,42781.0,Artist,1980-05-14
7501691347664844,Nancy,Jones,F,Elm St,Chicago,59945.0,Teacher,1987-11-05
2707728075418034,Alice,Brown,M,Maple St,New York,12149.0,Doctor,1998-04-18
9371824511927911,Alice,Davis,M,Elm St,Houston,23608.0,Engineer,1969-11-07
5633125756783538,Alice,Jones,M,Main St,Chicago,82382.0,Artist,1963-01-29
1426417792379565,Jane,Jones,F,Maple St,Los Angeles,11804.0,Lawyer,1979-12-31
9576144433401329,Nancy,Brown,F,2nd Ave,New York,22641.0,Engineer,1962-10-05
3711510567105580,Nancy,Johnson,F,Main St,Houston,23785.0,Teacher,1962-11-04
4381532815614930,Mike,Williams,M,Elm St,Chicago,96458.0,Clerk,2005-03-03
2639919716806045,Bob,Johnson,M,Broadway,New York,38974.0,Artist,1976-03-14
9774222376811422,Joe,Williams,F,2nd Ave,Phoenix,70631.0,Engineer,1989-07-03
5514468281213801,Joe,Smith,F,Maple St,Phoenix,76295.0,Teacher,1984-06-05
5929605755466395,Bob,Williams,M,Maple St,Los Angeles,79396.0,Teacher,1968-05-05
4337584115674868,Emily,Brown,M,1st Ave,Chicago,24859.0,Clerk,1986-09-08
7194579481126091,Mike,Williams,F,Maple St,Chicago,28025.0,Engineer,1972-05-10
2111314477645686,Mike,Smith,F,Main St,Los Angeles,99111.0,Lawyer,1970-08-31
2943708768126750,John,Davis,F,2nd Ave,Chicago,,,1997-06-30
7115626683466728,Nancy,Davis,F,2nd Ave,Phoenix,60968.0,Engineer,1978-10-12
7164829840145980,Alice,Williams,M,Elm St,Phoenix,40727.0,Clerk,1956-01-30
7126865529607526,John,Johnson,F,2nd Ave,Los Angeles,55731.0,Doctor,1986-12-06
9031125386647346,Jane,Williams,M,Maple St,Houston,93745.0,Nurse,1992-10-29
9577951323679384,Joe,Brown,F,Main St,Los Angeles,45953.0,Lawyer,1957-08-10
9677194560171020,Jane,Clark,F,Broadway,Phoenix,76097.0,Teacher,1984-08-01
3401800190846381,Mike,Brown,F,2nd Ave,Los Angeles,75773.0,Lawyer,1980-08-09
6245252421892612,Joe,Jones,M,Maple St,Phoenix,81514.0,Artist,1988-08-10
1933955673404714,Joe,Johnson,F,Main St,Houston,21325.0,Doctor,1963-04-12
5793382239236376,Joe,Johnson,M,Maple St,Phoenix,56206.0,Engineer,1977-09-05
9234160526483367,Jane,Williams,F,Maple St,Chicago,33851.0,Doctor,1988-08-30
6350332939133843,Mike,Williams,F,Maple St,New York,77743.0,Nurse,1997-05-17
5304413236941821,Nancy,Clark,M,Elm St,Houston,75031.0,Clerk,1982-11-18
5070648072458117,Joe,Brown,F,2nd Ave,New York,81093.0,Lawyer,1996-01-07
4950864445142893,Joe,Clark,M,1st Ave,Houston,87200.0,Artist,1971-06-04
4340563615783012,Bob,Jones,M,1st Ave,Houston,96923.0,Teacher,1987-06-30
8297537231216930,Joe,Smith,M,Broadway,Houston,29033.0,Artist,1999-08-15
9164545358266400,Joe,Williams,F,Elm St,Houston,74755.0,Clerk,1978-05-30
9620256318535828,Alice,Johnson,F,Main St,Phoenix,47481.0,Teacher,1989-04-07
7111234523958607,Joe,Davis,M,2nd Ave,Chicago,15578.0,Doctor,1983-08-28
3747766444585692,Joe,Williams,F,Main St,Phoenix,74717.0,Artist,1978-06-13
8907910719233703,Nancy,Clark,F,1st Ave,Phoenix,83798.0,Artist,1964-06-13
9610377483788436,Jane,Wilson,F,Elm St,Chicago,37492.0,Clerk,1966-01-08
7320105652667452,John,Jones,M,Main St,Houston,70832.0,Engineer,1994-08-10
4246301266596359,Jane,Johnson,M,2nd Ave,Chicago,32559.0,Clerk,1987-12-11
8575486312432990,Joe,Clark,F,Elm St,New York,60387.0,Nurse,1981-07-11
3297490972398111,Emily,Davis,M,2nd Ave,Chicago,96862.0,Engineer,1987-05-10
9459438626166167,Alice,Davis,F,2nd Ave,Phoenix,55765.0,Lawyer,2000-04-26
2965566393362759,Joe,Jones,F,Elm St,Houston,16390.0,Artist,1983-01-12
7403445373128154,Jane,Johnson,F,Elm St,Phoenix,22416.0,Doctor,1961-08-05
5448627242099754,Mike,Williams,F,Maple St,New York,81365.0,Doctor,1957-02-22
8269260145405010,Jane,Jones,F,2nd Ave,Houston,98396.0,Teacher,1958-02-14
4945646064461628,Bob,Brown,F,1st Ave,Los Angeles,15194.0,Lawyer,2006-04-04
3100636424985666,Joe,Johnson,M,2nd Ave,Phoenix,56039.0,Teacher,1961-01-25
8901773857253795,Joe,Jones,F,Elm St,Phoenix,91875.0,Engineer,1956-09-17
5435766319978018,Nancy,Jones,M,Maple St,Chicago,78376.0,Doctor,1972-11-25
6473925825494173,Bob,Clark,M,Broadway,Houston,55875.0,Doctor,1971-05-21
4391929952632524,Jane,Smith,F,Main St,Phoenix,82715.0,Artist,1964-05-17
7987344259708701,John,Smith,M,2nd Ave,New York,40765.0,Nurse,1966-06-15
4463485922592277,Jane,Davis,F,Maple St,Houston,64920.0,Artist,1981-11-15
1207685779458626,Mike,Williams,M,Main St,Houston,42556.0,Engineer,1962-01-03
9493211278371970,Joe,Brown,F,2nd Ave,Chicago,52275.0,Lawyer,1982-03-05
3371722224385516,Mike,Brown,F,Maple St,Phoenix,36760.0,Nurse,1993-12-07
6751314538818107,Nancy,Jones,M,2nd Ave,Phoenix,62320.0,Artist,1975-05-01
5591392657721120,Nancy,Jones,F,Maple St,Los Angeles,49847.0,Doctor,2006-08-13
7401462747166641,Nancy,Wilson,F,Broadway,Los Angeles,53169.0,Lawyer,1968-07-25
7634580770516659,Nancy,Davis,M,Elm St,Houston,64359.0,Teacher,1959-01-31
2059776767776803,Nancy,Jones,F,Maple St,Phoenix,57148.0,Engineer,1999-01-02
5293563526459488,Mike,Johnson,M,1st Ave,Chicago,31344.0,Teacher,1974-05-29
7870390129294137,John,Williams,F,Maple St,Phoenix,46124.0,Doctor,1974-09-19
3315150391966060,Bob,Williams,F,Elm St,Chicago,95925.0,Nurse,2001-08-03
3374710723634543,Mike,Smith,M,Main St,Los Angeles,59136.0,Teacher,1997-11-04
3703842113004788,Mike,Davis,F,Main St,New York,92892.0,Doctor,1986-10-22
6350737928878785,Jane,Jones,M,2nd Ave,Phoenix,51786.0,Teacher,1991-09-09
4298986035036664,Bob,Jones,M,Elm St,Los Angeles,59469.0,Engineer,1990-12-23
4095489114638262,Mike,Johnson,M,Broadway,New York,,,1955-05-11
4212129365638876,Joe,Jones,F,1st Ave,New York,12478.0,Engineer,1997-12-19
7535110911009677,Nancy,Clark,M,Elm St,Los Angeles,30282.0,Engineer,1955-01-03
2569524349378487,Mike,Jones,M,2nd Ave,Los Angeles,72138.0,Artist,1965-12-25
6571913445142341,Jane,Clark,F,Main St,Los Angeles,77969.0,Lawyer,2003-05-20
7941128351439586,Jane,Williams,M,Elm St,Chicago,32104.0,Nurse,2006-09-15
3161895254814866,Alice,Wilson,F,Main St,Houston,43785.0,Teacher,1987-03-15
9040500188546511,Jane,Jones,M,Maple St,Houston,72395.0,Clerk,1955-10-16
2771930918402250,Jane,Davis,F,2nd Ave,Houston,58005.0,Artist,1963-08-03
5830303947455004,Alice,Clark,F,Main St,Chicago,98600.0,Doctor,1979-10-10
7554841364236395,Mike,Johnson,F,2nd Ave,Los Angeles,23901.0,Lawyer,1995-04-11
4895296123456724,Emily,Johnson,F,Maple St,Houston,12161.0,Clerk,1995-10-25
5580893075578334,Jane,Brown,F,1st Ave,Chicago,81555.0,Nurse,1990-06-21
1850825919141189,John,Brown,F,Broadway,Chicago,17111.0,Lawyer,2006-06-23
1435633558277579,Alice,Smith,M,Main St,Los Angeles,94961.0,Teacher,1958-11-01
3301605275506994,Emily,Johnson,M,Elm St,New York,72775.0,Artist,1973-03-07
4667403930667604,Emily,Davis,F,1st Ave,Chicago,47121.0,Teacher,1985-09-13
2801436869846463,Alice,Johnson,M,Broadway,Phoenix,87615.0,Teacher,1986-03-19
6481904476521194,Emily,Davis,F,Elm St,Chicago,31339.0,Nurse,1961-04-12
6341209997843350,Mike,Davis,M,Maple St,New York,57717.0,Lawyer,1954-11-30
6171210822743823,Emily,Williams,F,Elm St,New York,52273.0,Doctor,1999-02-28
3735780944939712,Emily,Clark,M,2nd Ave,Phoenix,74863.0,Lawyer,1980-10-02
4347299737056228,Jane,Brown,M,Broadway,Houston,25966.0,Nurse,1997-05-06
6091522082684951,John,Davis,F,Elm St,Chicago,90645.0,Engineer,1998-02-24
1098384171847569,Mike,Wilson,M,Elm St,Los Angeles,43927.0,Engineer,1964-03-01
4467867958388006,Joe,Smith,F,Elm St,Los Angeles,60816.0,Engineer,1984-10-26
3662463286362375,Jane,Clark,F,1st Ave,Phoenix,55545.0,Doctor,1965-06-04
9522441117141112,Mike,Williams,M,Broadway,New York,,,1981-05-03
2496944646724618,Emily,Davis,M,2nd Ave,Houston,33825.0,Nurse,1978-03-13
4001553551807583,Alice,Wilson,M,Maple St,Chicago,77805.0,Engineer,1977-05-16
6968246438624025,Alice,Wilson,F,1st Ave,Chicago,15455.0,Nurse,1973-10-08
1557940842961961,Jane,Clark,M,1st Ave,Chicago,42347.0,Nurse,1985-12-14
7492861469827193,Nancy,Williams,M,1st Ave,Los Angeles,90814.0,Clerk,1992-06-01
1076831322882711,Mike,Brown,M,2nd Ave,Houston,68319.0,Teacher,1964-08-20
8860756083787830,Emily,Williams,M,2nd Ave,Phoenix,36122.0,Doctor,1980-03-10
2931896599837395,Jane,Brown,M,Maple St,Los Angeles,26239.0,Nurse,1989-07-16
2940151529254755,Emily,Johnson,M,1st Ave,New York,75511.0,Artist,1996-09-22
5582733690663713,Bob,Johnson,F,1st Ave,Houston,92334.0,Engineer,2000-09-29
9173332724794494,Joe,Brown,M,Maple St,New York,42539.0,Lawyer,1990-12-18
2592909775695418,Joe,Davis,F,Main St,Chicago,83106.0,Lawyer,1956-11-25
9538791366942971,Jane,Clark,F,2nd Ave,Los Angeles,84354.0,Doctor,1958-12-12
4844163740115400,Emily,Clark,M,Elm St,Houston,25061.0,Nurse,1980-11-29
6267104963519155,Bob,Jones,F,Broadway,Los Angeles,14034.0,Teacher,1983-10-19
8704791492458466,Alice,Jones,M,Broadway,Houston,16087.0,Nurse,1970-09-10
8592500324958892,John,Smith,F,Broadway,Chicago,26896.0,Engineer,1973-06-03
6708550931536989,Alice,Jones,M,Maple St,Houston,38188.0,Artist,1983-11-20
7526644912134456,Joe,Smith,F,1st Ave,Chicago,12444.0,Nurse,1973-11-14
4051150252508792,John,Wilson,M,Maple St,Los Angeles,19001.0,Clerk,1993-07-02
6027546463411505,Joe,Brown,M,2nd Ave,Los Angeles,62061.0,Lawyer,1970-06-23
7473700433498550,Mike,Davis,M,Main St,Los Angeles,88223.0,Clerk,1970-06-17
1001431780128805,John,Clark,F,Main St,Chicago,,,1993-07-11
8180612965658657,Mike,Brown,M,Maple St,New York,35078.0,Lawyer,1982-04-10
9116833540864362,Joe,Brown,F,Broadway,New York,88172.0,Doctor,1958-07-29
1925840337245768,Bob,Smith,M,Elm St,Houston,10221.0,Artist,1974-03-24
9242400179488463,Mike,Williams,M,Elm St,Los Angeles,82630.0,Clerk,1993-07-31
9279720437338455,Jane,Smith,F,Elm St,New York,87363.0,Engineer,1982-10-11
4592933858817442,Jane,Clark,M,Elm St,Phoenix,71503.0,Doctor,1995-08-22
7088351973015504,Emily,Davis,F,Main St,Los Angeles,83697.0,Nurse,1978-08-12
1468566283251822,Jane,Wilson,M,Main St,Phoenix,48831.0,Artist,2003-06-09
8491977248722364,Alice,Davis,F,2nd Ave,New York,17022.0,Teacher,2004-01-03
1129409580974895,Nancy,Wilson,F,Main St,Chicago,39695.0,Doctor,1993-12-26
3266569580059821,Emily,Williams,M,2nd Ave,Phoenix,31845.0,Lawyer,1987-01-31
4074552539627978,Joe,Clark,M,2nd Ave,Phoenix,93826.0,Engineer,1994-06-27
1804427332444613,Jane,Johnson,F,Maple St,Los Angeles,53789.0,Nurse,1984-11-25
9562112611388462,Mike,Johnson,M,1st Ave,Houston,66242.0,Engineer,1982-12-02
5741237388848734,Mike,Williams,F,Main St,Chicago,13445.0,Engineer,1955-11-22
4364305859132475,Joe,Clark,F,Elm St,Los Angeles,70781.0,Engineer,1974-12-22
8066619622876660,Mike,Clark,M,Broadway,Los Angeles,88174.0,Clerk,1965-07-15
9041628499938737,Jane,Wilson,F,2nd Ave,New York,67133.0,Lawyer,1976-10-18
6755305449092074,Emily,Davis,F,Broadway,Houston,99793.0,Teacher,2000-11-22
2713177928458224,Bob,Wilson,F,Elm St,Houston,33356.0,Doctor,1992-02-06
2534828223883667,Joe,Williams,M,2nd Ave,Chicago,10897.0,Lawyer,1966-08-13
5045165725831074,Bob,Wilson,M,2nd Ave,Chicago,46677.0,Clerk,1974-09-28
7243363150111605,Alice,Jones,M,Maple St,Houston,83155.0,Clerk,1997-08-09
8592704356351837,Mike,Williams,M,Main St,Phoenix,43344.0,Artist,1984-08-06
3762216137628546,Mike,Williams,F,1st Ave,Phoenix,23986.0,Teacher,1992-05-08
1665272571111325,Alice,Brown,M,Broadway,Los Angeles,81726.0,Nurse,1982-07-09
2821552015675353,Mike,Clark,M,Maple St,Houston,80873.0,Clerk,2005-01-26
6884379951554452,Joe,Clark,M,Maple St,Los Angeles,11244.0,Clerk,2004-07-18
8043659868946066,John,Smith,M,Elm St,Phoenix,95002.0,Doctor,1964-10-24
8148372550481232,Emily,Williams,M,1st Ave,Chicago,26573.0,Clerk,1997-05-25
5715939168772969,Alice,Clark,F,Maple St,Houston,22146.0,Teacher,2005-05-11
4224532424247787,Nancy,Brown,M,Maple St,New York,98963.0,Nurse,1992-02-26
4824539675415207,Mike,Williams,M,1st Ave,Los Angeles,38757.0,Artist,1971-09-29
1074512523682446,Alice,Clark,M,Maple St,Houston,65201.0,Doctor,1959-03-09
3154424947805324,John,Jones,M,Main St,New York,32857.0,Clerk,1978-06-06
9741908043809277,John,Williams,F,Maple St,Los Angeles,99268.0,Artist,2006-03-30
1359490970684892,Emily,Williams,M,2nd Ave,Phoenix,37642.0,Nurse,2005-09-09
7173893111195766,Jane,Brown,F,Elm St,Los Angeles,54315.0,Lawyer,1955-10-16
7443419615836004,Mike,Williams,M,1st Ave,Chicago,80166.0,Nurse,1959-02-27
4746862015057497,Nancy,Brown,F,1st Ave,Los Angeles,88667.0,Artist,1966-06-29
3132199528538436,Nancy,Wilson,M,Broadway,Los Angeles,54620.0,Clerk,1988-04-11
4167872030535044,Emily,Clark,F,Elm St,Houston,90739.0,Clerk,1979-08-04
2383259060223102,John,Smith,F,Maple St,Houston,79230.0,Engineer,1955-02-01
9365955910956595,John,Brown,M,Elm St,Phoenix,64570.0,Clerk,1957-06-04
8997604141177060,Emily,Davis,F,1st Ave,Chicago,28016.0,Lawyer,1959-05-18
4335600044148050,John,Clark,F,2nd Ave,Chicago,11338.0,Nurse,1973-12-01
9278799625856412,Jane,Wilson,M,Elm St,Phoenix,59877.0,Lawyer,1985-05-05
4235959476852339,Mike,Smith,F,Elm St,New York,56913.0,Doctor,1994-11-26
1421540782896870,Alice,Davis,M,Broadway,Los Angeles,55862.0,Engineer,1965-04-20
3247717983915675,Jane,Williams,F,Broadway,Houston,12585.0,Engineer,1982-04-19
7997540915442624,Mike,Clark,M,Maple St,Phoenix,69101.0,Nurse,1957-05-05
2342135124331538,John,Smith,F,Broadway,Phoenix,37541.0,Doctor,1968-03-02
6698717129194905,Jane,Johnson,F,Maple St,Houston,57818.0,Lawyer,1969-02-01
1630543096299767,Bob,Davis,F,Maple St,Houston,24101.0,Nurse,1985-07-14
9945246744239707,Bob,Johnson,F,2nd Ave,New York,96359.0,Teacher,1994-09-01
9458216057818617,John,Brown,F,2nd Ave,Chicago,66348.0,Nurse,1989-07-02
4349439096537056,Mike,Jones,M,Elm St,Houston,97154.0,Clerk,1981-08-04
5862234483438937,Mike,Williams,M,2nd Ave,Phoenix,27673.0,Teacher,1960-02-29
1272834951484696,Joe,Wilson,F,Broadway,Los Angeles,26865.0,Engineer,1981-01-03
6997688853598824,Jane,Davis,F,2nd Ave,New York,21928.0,Clerk,1975-05-08
1826388216813643,Bob,Wilson,F,Elm St,Los Angeles,34980.0,Nurse,1960-06-02
4626901157136707,Nancy,Clark,F,1st Ave,Los Angeles,73420.0,Nurse,1998-05-31
9530897673645170,Joe,Johnson,F,Main St,Chicago,46469.0,Engineer,1967-12-02
2224941496471276,Joe,Clark,F,2nd Ave,Los Angeles,64906.0,Lawyer,1975-04-09
3692977452526485,Mike,Jones,F,1st Ave,Phoenix,46774.0,Artist,1982-03-09
8986530750218395,Jane,Brown,M,Elm St,Phoenix,18908.0,Nurse,1987-02-20
5106293598927296,Jane,Smith,F,1st Ave,Houston,77393.0,Doctor,2001-10-01
5040430369438870,Bob,Williams,F,1st Ave,Chicago,80789.0,Artist,1989-12-18
7629393447432147,John,Davis,M,1st Ave,Houston,34859.0,Engineer,1978-02-15
3752485994643137,Jane,Smith,M,Maple St,Los Angeles,99994.0,Lawyer,1993-04-16
3030561793896284,John,Williams,M,Broadway,Phoenix,65206.0,Artist,1989-06-05
4596645411646008,Bob,Johnson,M,2nd Ave,Houston,99284.0,Engineer,2004-06-12
4654313551139926,Jane,Clark,F,1st Ave,Phoenix,52515.0,Clerk,1970-09-24
1368895032984498,Alice,Jones,F,Elm St,Houston,70884.0,Engineer,1962-01-04
4982123136257084,Bob,Brown,M,Main St,New York,97898.0,Lawyer,1955-02-12
4302860476253417,Bob,Clark,F,Maple St,Chicago,77897.0,Artist,1989-01-21
7366514376266264,Alice,Williams,F,Main St,Houston,20161.0,Lawyer,1983-05-02
8668695521482692,Bob,Johnson,M,Main St,Los Angeles,,,1984-10-03
1493999641596231,Alice,Davis,F,Maple St,Phoenix,18801.0,Artist,1975-07-18
6056526868906918,Alice,Brown,F,Broadway,Phoenix,89505.0,Clerk,1984-12-04
7448562467193855,Bob,Williams,F,2nd Ave,Chicago,42417.0,Artist,2006-08-06
4205683811569523,Alice,Wilson,F,Main St,Chicago,69457.0,Clerk,1993-05-03
6501247939378397,Alice,Johnson,M,Broadway,New York,88068.0,Clerk,1962-11-21
5754432440992863,Joe,Brown,M,Elm St,Houston,,,1959-02-01
5935901952811941,Bob,Smith,F,Elm St,New York,72784.0,Teacher,1991-12-01
6237677329148369,Alice,Clark,F,Broadway,Houston,10125.0,Artist,1961-10-21
8442940279633349,John,Wilson,F,2nd Ave,Houston,35307.0,Artist,1966-11-28
1336620091155344,Bob,Jones,F,Elm St,Chicago,45098.0,Engineer,1974-08-07
1295586262223414,Bob,Jones,M,Maple St,Chicago,55085.0,Clerk,1959-11-07
9246864866595852,John,Davis,F,2nd Ave,Houston,11621.0,Clerk,2006-08-27
7455883759517801,Joe,Wilson,M,Broadway,Chicago,67675.0,Nurse,2004-07-27
2822957963205126,Mike,Wilson,F,Elm St,Houston,21007.0,Teacher,1993-01-07
6838923214474530,Emily,Davis,F,Elm St,Chicago,72688.0,Clerk,2004-07-18
6197149415702587,Joe,Smith,F,1st Ave,Los Angeles,72760.0,Nurse,1956-08-26
1401525040789513,Joe,Clark,M,Maple St,Houston,88840.0,Nurse,1970-03-18
8750452725081165,Jane,Clark,M,Elm St,Phoenix,86144.0,Nurse,1984-02-18
8351553135372921,Joe,Jones,F,Maple St,Los Angeles,17101.0,Doctor,1959-10-08
2506903156178110,Alice,Jones,F,Main St,New York,16788.0,Doctor,1989-02-14
8557800391115111,Nancy,Williams,M,1st Ave,Chicago,66239.0,Teacher,1968-03-09
5620854887687883,Emily,Johnson,F,Broadway,New York,47958.0,Lawyer,1975-01-06
5730962074969728,Alice,Smith,F,Main St,Phoenix,75363.0,Doctor,1979-11-16
2552592831193093,Emily,Davis,M,Main St,Chicago,45097.0,Engineer,1961-09-26
9382722721626955,Nancy,Johnson,M,Maple St,New York,93781.0,Teacher,1992-02-17
1615184444899969,Joe,Clark,M,2nd Ave,Los Angeles,92178.0,Engineer,1964-09-25
7511605537707400,Nancy,Clark,F,1st Ave,New York,82870.0,Nurse,1958-03-05
3438987587267336,Joe,Jones,F,Maple St,Chicago,62813.0,Engineer,1965-12-04
5181647048417507,Nancy,Johnson,F,2nd Ave,Los Angeles,33216.0,Doctor,2001-03-03
1194609277713326,Jane,Brown,F,1st Ave,Phoenix,92451.0,Engineer,1979-06-26
7287636728008674,Alice,Smith,F,1st Ave,New York,10136.0,Nurse,2002-05-22
4607375392563086,Joe,Smith,M,Main St,Houston,49614.0,Clerk,1984-10-24
7755439557773108,Emily,Wilson,M,Elm St,Chicago,21769.0,Nurse,1987-10-11
3720662591336924,Alice,Wilson,F,2nd Ave,Houston,17429.0,Doctor,1979-11-05
1763116972541954,John,Clark,F,2nd Ave,Houston,30069.0,Teacher,1969-07-11
3788458513153536,John,Smith,F,Maple St,New York,71544.0,Lawyer,2004-02-20
5745216546804560,Emily,Williams,F,Main St,Houston,55354.0,Artist,1973-09-26
3572873865781237,John,Johnson,M,Elm St,Los Angeles,57935.0,Teacher,2006-09-15
8057863767291492,John,Johnson,F,Maple St,Phoenix,38768.0,Clerk,1977-09-03
8071385341284566,Nancy,Clark,F,Maple St,Phoenix,32532.0,Lawyer,1962-05-20
9146295026237194,Nancy,Davis,M,Maple St,Houston,11399.0,Artist,1999-01-08
1447184287339539,Bob,Williams,F,1st Ave,Chicago,95646.0,Doctor,1964-01-14
7995566125545526,Alice,Smith,F,1st Ave,Houston,79356.0,Doctor,1960-09-09
4492355410281803,Jane,Williams,F,Maple St,Chicago,45327.0,Doctor,1969-08-09
8801617043879553,Joe,Williams,F,Elm St,Phoenix,37510.0,Nurse,1984-10-08
8073542098345446,Joe,Jones,M,1st Ave,Los Angeles,55985.0,Teacher,2003-03-03
5880117062336089,Alice,Smith,F,2nd Ave,Chicago,96199.0,Lawyer,1994-06-18
8028219335837865,Bob,Davis,F,2nd Ave,Phoenix,93144.0,Clerk,1986-08-04
8814696635815205,Bob,Brown,F,2nd Ave,New York,51305.0,Teacher,1959-12-13
7969497149783507,Alice,Davis,F,Main St,Houston,,,1998-09-02
3484542925777857,Emily,Jones,M,1st Ave,Chicago,71563.0,Engineer,1975-11-09
5892198269284935,Alice,Smith,M,Main St,Los Angeles,67813.0,Teacher,1956-04-13
3885233191216654,John,Wilson,F,1st Ave,Houston,62120.0,Engineer,1960-09-25
5000401729185112,Bob,Smith,F,2nd Ave,Phoenix,91383.0,Clerk,1982-05-12
4063729560727112,Alice,Clark,M,2nd Ave,Phoenix,75148.0,Doctor,1981-10-05
6951554139952173,Jane,Smith,F,Elm St,Phoenix,81963.0,Clerk,1984-04-19
3883583643373828,Jane,Johnson,M,1st Ave,Chicago,19205.0,Nurse,1991-05-31
9729210573417148,Joe,Smith,F,Broadway,New York,70708.0,Nurse,1999-03-09
1375573937354443,John,Smith,M,Main St,New York,63320.0,Artist,1966-08-11
1533584772545755,Nancy,Clark,F,2nd Ave,Phoenix,87050.0,Teacher,2006-07-04
3372116746857621,John,Brown,F,Elm St,Houston,,,1967-05-24
2804286584461030,Alice,Smith,F,Elm St,Los Angeles,15246.0,Engineer,2005-10-19
9853802899231617,Jane,Williams,M,2nd Ave,Houston,24115.0,Lawyer,1956-01-26
5345293647076608,Emily,Smith,F,1st Ave,Chicago,51856.0,Clerk,1957-08-13
2446381871912087,Bob,Smith,F,Elm St,New York,45037.0,Teacher,1995-08-22
7569246841894889,Mike,Clark,M,1st Ave,Los Angeles,32824.0,Teacher,1963-12-11
7126690359068069,Jane,Davis,F,Elm St,Phoenix,87494.0,Engineer,1965-11-29
4529948066678949,Bob,Smith,M,Main St,Phoenix,92500.0,Artist,1960-04-29
2286327878314332,Jane,Wilson,F,1st Ave,Chicago,93414.0,Artist,1989-02-08
2632419211721025,Alice,Clark,F,Elm St,Chicago,50914.0,Engineer,1974-04-29
9297402512388457,Mike,Johnson,M,2nd Ave,Chicago,87300.0,Artist,1960-04-25
8154270295474299,Mike,Jones,F,Broadway,Chicago,37650.0,Nurse,1965-08-18
3145688735629994,Alice,Johnson,M,2nd Ave,Phoenix,27287.0,Teacher,1959-07-05
1262308837589228,Alice,Brown,M,1st Ave,Phoenix,24127.0,Nurse,1996-12-17
1231978459576854,John,Davis,M,Maple St,Chicago,68038.0,Doctor,2004-03-23
1811286231701260,Joe,Davis,M,2nd Ave,Phoenix,24926.0,Doctor,2002-04-07
7218194753645029,Bob,Brown,M,2nd Ave,Chicago,48732.0,Clerk,1994-10-13
5685976835795687,Emily,Williams,M,Maple St,Los Angeles,51128.0,Engineer,1989-10-29
9599237970166486,Bob,Williams,F,Broadway,Chicago,76106.0,Lawyer,2004-12-07
7961672728582636,John,Brown,F,Maple St,Chicago,25521.0,Engineer,1980-06-21
1284888289364660,Bob,Jones,M,2nd Ave,Los Angeles,54573.0,Teacher,1974-04-26
2397638133747576,Nancy,Clark,M,Elm St,New York,35917.0,Engineer,1998-06-11
8633913371336738,Mike,Davis,M,Main St,Houston,14165.0,Nurse,1991-10-18
8697320827273447,Jane,Clark,F,Broadway,Chicago,50435.0,Engineer,1999-07-04
7060400461976088,Mike,Jones,F,1st Ave,Los Angeles,14964.0,Nurse,1957-08-12
6097252194938398,John,Brown,M,Elm St,Los Angeles,78195.0,Doctor,1992-07-11
1160490136796889,Bob,Smith,M,1st Ave,Phoenix,19191.0,Clerk,2004-06-23
2099709734813899,Joe,Johnson,M,Broadway,Chicago,14191.0,Artist,1986-03-18
7543904423645141,Bob,Clark,M,Broadway,Los Angeles,43557.0,Nurse,1962-06-27
8246865822746720,Jane,Johnson,F,2nd Ave,New York,52358.0,Artist,1960-04-30
6002174571979851,Emily,Smith,M,Maple St,New York,47216.0,Teacher,1982-12-24
3766974227278089,Jane,Jones,F,Broadway,Houston,39686.0,Engineer,1982-08-13
5604654092341286,Jane,Johnson,F,1st Ave,Phoenix,79141.0,Teacher,1988-07-09
7744880446278780,Nancy,Johnson,M,Broadway,Phoenix,37491.0,Nurse,1957-04-12
8239601728658208,Mike,Williams,M,Main St,Phoenix,31073.0,Nurse,1983-07-22
1012679245696600,Joe,Wilson,M,2nd Ave,Chicago,74731.0,Nurse,2003-05-16
6235997271854226,John,Clark,M,Broadway,New York,59548.0,Nurse,1993-05-15
9918294656476753,John,Jones,F,Main St,Chicago,11489.0,Nurse,1958-04-12
1275385255505677,John,Brown,F,1st Ave,Los Angeles,18081.0,Engineer,1961-09-01
5916431582003778,Joe,Brown,F,1st Ave,Houston,33625.0,Lawyer,1973-07-01
9308380113332358,Mike,Smith,M,Main St,Houston,57602.0,Teacher,1956-05-21
3922789613393266,Alice,Wilson,F,Main St,Chicago,20233.0,Doctor,1981-12-25
2939646464933434,Bob,Johnson,M,Maple St,Houston,86865.0,Clerk,1972-10-12
3906399929658476,Nancy,Brown,M,Broadway,Chicago,15021.0,Doctor,1958-10-31
9410867745245204,Joe,Wilson,M,2nd Ave,Phoenix,34722.0,Clerk,1956-11-15
2248523288785451,Mike,Smith,F,2nd Ave,Los Angeles,91732.0,Teacher,1980-04-20
7538496710156173,John,Wilson,M,Elm St,Phoenix,74249.0,Engineer,1981-03-27
4205467799972076,Mike,Williams,M,Main St,Houston,76223.0,Teacher,1979-06-13
5506412232613461,Nancy,Jones,M,1st Ave,Los Angeles,49007.0,Nurse,1970-01-11
4351189092752038,Mike,Johnson,F,Elm St,New York,55945.0,Lawyer,1990-11-10
4258154892622698,Emily,Wilson,F,Main St,Chicago,88468.0,Teacher,1985-08-30
6332384928871231,Alice,Johnson,M,Main St,Los Angeles,91101.0,Artist,1984-02-06
4766633681367199,Emily,Smith,F,Elm St,Chicago,55289.0,Clerk,1956-11-26
5447267846699249,Joe,Clark,F,2nd Ave,Los Angeles,92602.0,Clerk,1991-02-07
2042924165191835,Jane,Clark,F,Main St,Houston,31906.0,Engineer,1996-12-23
3988627140751488,Emily,Johnson,M,Maple St,Phoenix,51290.0,Nurse,1984-10-11
7780269161855201,Nancy,Jones,F,Elm St,Houston,19382.0,Teacher,1964-11-15
1786940725229874,Joe,Clark,M,Broadway,New York,79477.0,Clerk,1975-05-06
7982386481132263,Emily,Brown,F,Broadway,Houston,67301.0,Teacher,1970-10-26
1084219031273168,John,Smith,F,1st Ave,Los Angeles,31306.0,Nurse,1970-12-23
5588630118808296,Mike,Jones,F,2nd Ave,New York,39420.0,Engineer,1982-07-28
6512171741586786,Joe,Clark,M,Elm St,Los Angeles,65389.0,Lawyer,1970-04-09
7407675673628399,Jane,Johnson,M,2nd Ave,Phoenix,91075.0,Lawyer,1968-05-24
1041696963209868,Nancy,Brown,F,2nd Ave,Chicago,65645.0,Nurse,1995-02-05
4166536849061989,Bob,Jones,M,Elm St,Phoenix,60414.0,Doctor,1982-03-27
2482562697647079,Bob,Clark,F,Main St,Phoenix,47077.0,Engineer,1975-03-09
6957255651378887,Bob,Brown,F,Broadway,Phoenix,93209.0,Doctor,2002-04-14
6038130251396085,Joe,Brown,F,1st Ave,Los Angeles,83834.0,Artist,1963-06-22
4997181551487857,Mike,Smith,F,Main St,Chicago,39522.0,Clerk,1960-09-24
1780574353693272,Nancy,Wilson,M,2nd Ave,Los Angeles,85022.0,Doctor,2000-01-20
7909581017959737,Mike,Wilson,M,2nd Ave,New York,50251.0,Doctor,1964-03-07
8498903128705351,Joe,Johnson,M,Elm St,Los Angeles,49970.0,Engineer,1968-05-02
8962832074933838,Alice,Williams,M,Broadway,Phoenix,69938.0,Clerk,1973-07-29
3536912764436693,John,Williams,F,Broadway,Houston,19216.0,Doctor,1994-10-26
6630411640575469,Jane,Williams,M,1st Ave,Houston,33086.0,Nurse,1981-02-08
7988462591684001,Emily,Wilson,M,Main St,Los Angeles,20174.0,Teacher,1960-11-03
3464302924622681,Bob,Clark,M,Maple St,Phoenix,88956.0,Clerk,1956-04-30
5777902325134209,Jane,Clark,M,1st Ave,Phoenix,93188.0,Clerk,1986-04-02
5014570396299998,Alice,Jones,F,2nd Ave,Houston,76833.0,Nurse,1969-01-13
1685777383481054,Bob,Williams,M,Maple St,Chicago,82729.0,Teacher,1971-03-30
7968656842738135,Jane,Wilson,M,2nd Ave,Chicago,22945.0,Lawyer,1985-01-17
4496701193575194,Nancy,Davis,F,Broadway,Phoenix,71758.0,Doctor,1994-07-10
6665510464234163,John,Davis,F,2nd Ave,New York,35128.0,Lawyer,1995-11-20
8186835335287556,John,Johnson,F,Main St,New York,94689.0,Clerk,2004-12-08
3048628034282915,Alice,Wilson,F,Main St,New York,84794.0,Lawyer,2003-09-11
2850539127035061,Jane,Clark,M,1st Ave,New York,28385.0,Clerk,2006-03-18
5891909264153785,Alice,Williams,F,Maple St,New York,86511.0,Engineer,1981-06-03
7997745745178324,Alice,Wilson,F,Main St,Houston,37941.0,Doctor,1983-11-04
5249817987844956,Alice,Brown,F,2nd Ave,Phoenix,15808.0,Lawyer,1996-07-20
9799421716507981,Mike,Wilson,M,Elm St,Los Angeles,99399.0,Teacher,1965-11-22
1613670733853299,John,Davis,M,Maple St,Houston,23276.0,Teacher,1994-12-05
5860901763745517,Mike,Brown,M,Broadway,Houston,70080.0,Artist,2002-04-15
2859494686682245,Emily,Brown,M,Broadway,Phoenix,16568.0,Engineer,1977-05-05
6245606566688576,Joe,Wilson,M,Broadway,Chicago,,,2000-08-29
8460366189532059,Mike,Williams,F,Elm St,Houston,21451.0,Lawyer,2005-08-10
6664407525334318,John,Johnson,M,2nd Ave,Houston,96370.0,Lawyer,1962-11-14
7425361170659357,Alice,Johnson,M,Main St,Los Angeles,10598.0,Artist,1955-01-06
8947612786518465,Jane,Williams,M,2nd Ave,New York,59463.0,Artist,1963-10-07
2565601822768906,Alice,Johnson,F,1st Ave,Houston,54747.0,Engineer,1984-04-25
3995292894244543,Nancy,Davis,F,2nd Ave,New York,68813.0,Doctor,1977-03-29
5687218197547402,Alice,Williams,F,2nd Ave,Phoenix,96627.0,Lawyer,1987-01-31
5299228950052670,Nancy,Johnson,F,Broadway,Houston,79493.0,Artist,1974-03-19
3274359312017718,Mike,Smith,M,2nd Ave,Los Angeles,76715.0,Lawyer,1959-08-18
5742181981814420,Jane,Smith,F,Elm St,Los Angeles,99124.0,Nurse,1968-02-13
8546744921751022,John,Johnson,F,Broadway,Phoenix,18979.0,Teacher,1961-12-14
9704836627325436,Bob,Brown,F,1st Ave,New York,74838.0,Artist,1965-04-21
9599468088498255,Nancy,Clark,M,Elm St,Chicago,59505.0,Doctor,2006-03-27
7947989148391837,John,Davis,M,Elm St,Phoenix,74773.0,Doctor,1990-05-16
9123151221034817,Jane,Smith,M,1st Ave,Chicago,85113.0,Doctor,1960-12-12
9694465451074527,Joe,Clark,F,Main St,Los Angeles,29887.0,Lawyer,1955-01-26
2791634361796911,John,Clark,M,2nd Ave,Los Angeles,70893.0,Nurse,1958-04-16
4851669973772144,Mike,Davis,M,2nd Ave,Houston,97412.0,Doctor,2002-12-23
9281496042711003,Joe,Wilson,F,Main St,Los Angeles,42279.0,Engineer,1980-03-24
3433292761565462,Jane,Jones,M,Maple St,New York,64924.0,Clerk,2000-06-07
4214916169125234,Joe,Davis,M,1st Ave,Los Angeles,15238.0,Engineer,1963-07-03
6256844513697893,Bob,Williams,F,Maple St,Houston,45272.0,Artist,1958-03-23
6959811370575606,Nancy,Clark,M,Maple St,Phoenix,70424.0,Teacher,1989-10-16
9046275119253740,Nancy,Jones,M,Main St,Houston,31950.0,Nurse,1976-12-06
7308701990157768,Bob,Clark,M,Broadway,Phoenix,36374.0,Doctor,1978-12-13
6472192372338136,Nancy,Johnson,M,Broadway,Houston,93663.0,Nurse,1970-04-25
8758139120459472,Jane,Johnson,F,Broadway,Los Angeles,24309.0,Engineer,1971-08-05
6912978195214509,John,Wilson,F,Main St,Chicago,65071.0,Artist,1966-01-08
2986803519327122,Bob,Clark,M,Elm St,New York,42315.0,Doctor,1961-02-08
9679113926368541,Nancy,Brown,M,Broadway,Chicago,42106.0,Lawyer,1965-07-19
5320931762456163,Emily,Wilson,F,Main St,New York,38210.0,Engineer,1954-12-02
7698772322501382,Jane,Smith,M,Broadway,Los Angeles,43034.0,Teacher,1978-03-15
2150948667991942,Jane,Clark,M,Broadway,Houston,55384.0,Doctor,1965-05-14
6682694731668292,Joe,Davis,F,2nd Ave,Houston,52889.0,Clerk,1983-12-08
4994940629232861,Nancy,Smith,M,Main St,Phoenix,82157.0,Teacher,2002-08-07
2463186426846482,Jane,Davis,M,2nd Ave,Chicago,81096.0,Artist,1963-09-25
9589825786465336,Alice,Jones,M,1st Ave,New York,73059.0,Nurse,1989-06-24
4069244027367014,John,Wilson,F,Broadway,Houston,58424.0,Teacher,1992-05-10
6965985894431467,Jane,Smith,M,Maple St,Los Angeles,29425.0,Clerk,1989-09-04
3082200763208396,Jane,Johnson,F,Maple St,Houston,38736.0,Teacher,1994-06-24
1783244613137358,Nancy,Brown,M,Broadway,Phoenix,87983.0,Clerk,1993-08-25
7080708684761256,Alice,Clark,M,2nd Ave,Houston,68983.0,Clerk,1999-04-18
7591308512129018,Nancy,Williams,F,Maple St,Los Angeles,64447.0,Lawyer,2004-02-09
4239252932918380,Mike,Jones,M,Main St,Houston,25484.0,Teacher,1980-09-27
2425454664983668,Joe,Davis,F,Elm St,New York,85850.0,Lawyer,1996-12-22
2422124445285450,Alice,Jones,F,Maple St,New York,43320.0,Teacher,1955-02-04
6640195972028363,Jane,Williams,F,Elm St,Houston,28936.0,Lawyer,1961-02-20
4865978440961436,John,Clark,M,1st Ave,Los Angeles,80994.0,Engineer,2000-03-02
8192815416937160,Alice,Johnson,F,Main St,Los Angeles,98677.0,Lawyer,1960-02-12
6915387455596470,Nancy,Jones,M,Main St,Houston,12100.0,Engineer,1980-02-09
6802257912274524,Jane,Smith,F,2nd Ave,Los Angeles,16243.0,Engineer,2006-04-05
2121950153382258,Emily,Smith,F,Broadway,New York,72268.0,Artist,1955-01-29
5001894889328233,Nancy,Smith,F,Broadway,New York,46188.0,Doctor,1971-12-16
1211417167754929,John,Brown,M,Main St,New York,56114.0,Engineer,1995-11-05
4694222036778771,Alice,Williams,M,Elm St,Phoenix,27773.0,Doctor,1990-05-12
7975492751906479,Bob,Johnson,F,1st Ave,Chicago,21744.0,Lawyer,2002-06-11
1685901298806135,John,Smith,F,2nd Ave,New York,81999.0,Artist,2000-02-02
7387746146099391,Emily,Smith,F,Main St,Houston,65434.0,Nurse,1955-10-24
4952985120373323,Jane,Brown,M,1st Ave,Phoenix,24213.0,Doctor,2002-04-27
5855478399045009,John,Smith,M,Main St,Houston,24465.0,Artist,1978-08-02
2308930692215233,John,Davis,M,1st Ave,Los Angeles,46812.0,Nurse,1992-04-03
3536772734433488,Jane,Clark,M,1st Ave,Chicago,99024.0,Artist,1998-10-21
7707716042923551,Bob,Brown,M,Maple St,Phoenix,25322.0,Lawyer,1957-04-21
9233937183832294,John,Clark,M,Broadway,Los Angeles,10807.0,Doctor,2000-02-03
6008473449492046,Jane,Davis,F,Maple St,Los Angeles,84345.0,Clerk,1966-10-03
8874992733418569,Nancy,Clark,F,2nd Ave,New York,92830.0,Lawyer,1976-05-10
5946508480356181,John,Clark,F,2nd Ave,Houston,79021.0,Nurse,1993-05-21
5972704028332891,Joe,Williams,F,Maple St,Los Angeles,90737.0,Lawyer,1957-09-29
5649629610543339,Mike,Clark,M,Broadway,Los Angeles,59172.0,Nurse,1996-02-21
1644445481578198,Bob,Clark,F,Elm St,Los Angeles,56520.0,Engineer,1981-07-07
2002265734077399,Emily,Jones,M,Maple St,Chicago,15814.0,Nurse,1972-08-31
7307234570531390,Mike,Smith,F,2nd Ave,Phoenix,51811.0,Nurse,1997-05-05
4123241950877296,John,Smith,F,Broadway,New York,43470.0,Engineer,1967-02-03
8104593465028847,Bob,Wilson,F,1st Ave,Phoenix,12355.0,Doctor,1995-06-16
4804518298543873,Joe,Williams,F,1st Ave,Los Angeles,54836.0,Teacher,1983-08-31
1804627693178317,Nancy,Jones,F,2nd Ave,Chicago,58325.0,Doctor,1967-09-07
6991810625372531,Joe,Brown,F,1st Ave,Los Angeles,65753.0,Teacher,2004-05-02
2028820161461032,Jane,Jones,F,2nd Ave,Houston,14852.0,Engineer,1955-12-05
3004616168889442,Mike,Smith,M,Main St,Phoenix,47384.0,Doctor,1975-11-23
8818338025472284,Bob,Williams,F,Broadway,New York,66800.0,Lawyer,1970-10-30
9047852938367691,Nancy,Davis,F,Elm St,Chicago,16778.0,Artist,1968-09-17
7851938057615963,Nancy,Johnson,F,2nd Ave,Phoenix,29567.0,Clerk,1999-01-07
5754317755301105,Bob,Clark,F,Elm St,Los Angeles,60434.0,Lawyer,1975-07-15
8762616823588383,Nancy,Williams,F,Broadway,New York,49821.0,Doctor,1962-07-25
7821963539114156,John,Brown,M,Maple St,Chicago,38948.0,Lawyer,1980-10-14
2753992261994337,Emily,Clark,F,Broadway,Los Angeles,32643.0,Engineer,1959-12-05
5662507878402204,Nancy,Clark,M,Main St,Los Angeles,99325.0,Lawyer,1965-06-13
7413232340144577,Joe,Brown,M,Broadway,Phoenix,22247.0,Artist,2004-07-12
6721272427443861,Joe,Clark,M,1st Ave,Los Angeles,93630.0,Artist,1963-10-30
7013730571459588,Mike,Smith,M,Maple St,Los Angeles,70948.0,Lawyer,1993-06-17
4098587418075356,Emily,Wilson,F,Elm St,Chicago,23609.0,Teacher,2006-08-18
6685529577571087,Joe,Williams,F,Broadway,Los Angeles,35439.0,Artist,1957-01-27
7206519127197294,Jane,Johnson,F,Broadway,Houston,30112.0,Teacher,2001-04-18
3789436531329899,Alice,Williams,M,Elm St,Houston,33079.0,Nurse,1956-10-23
1126425339432940,John,Brown,F,Elm St,New York,16531.0,Engineer,1974-04-02
9635182088088053,Nancy,Wilson,F,Main St,Houston,91449.0,Lawyer,1955-11-19
1895311287583857,Emily,Williams,F,Broadway,Houston,28262.0,Engineer,2005-12-17
8058627383033840,Bob,Smith,F,1st Ave,Phoenix,88076.0,Engineer,2003-11-09
2898847943882370,Joe,Brown,F,1st Ave,Houston,41795.0,Teacher,2005-04-11
9255670228009503,Mike,Williams,M,Main St,Los Angeles,67176.0,Artist,1972-03-11
1474385217565372,Alice,Clark,M,Broadway,Phoenix,89299.0,Clerk,1969-09-13
8790228446526392,Emily,Williams,M,Elm St,Houston,57625.0,Lawyer,1970-09-21
9910678433544882,Joe,Smith,F,1st Ave,Los Angeles,32679.0,Clerk,1976-03-04
5855831655505141,Bob,Smith,F,Maple St,New York,81586.0,Nurse,1969-09-02
2905823510254132,Mike,Clark,M,Maple St,Phoenix,52865.0,Doctor,2001-09-23
3981584445591529,Mike,Clark,F,Broadway,Los Angeles,46685.0,Clerk,1976-10-13
5751262173562157,Alice,Williams,F,Main St,Phoenix,95651.0,Nurse,1974-08-20
7111705194133936,Bob,Wilson,F,Main St,New York,42252.0,Teacher,1973-11-22
1925628670085013,Alice,Johnson,F,Maple St,New York,59203.0,Nurse,1979-10-02
3415130242689457,Jane,Brown,F,Elm St,Phoenix,44550.0,Teacher,1996-08-12
9137476998971066,Nancy,Williams,M,Main St,Los Angeles,76470.0,Teacher,1961-04-03
6905855285754186,John,Smith,M,Main St,Chicago,57688.0,Clerk,1991-07-20
1546993861904593,Nancy,Brown,F,Main St,Phoenix,98313.0,Engineer,1963-07-23
8643890375876576,John,Smith,F,1st Ave,Chicago,40369.0,Artist,1988-12-15
8256711616748698,Joe,Clark,F,Elm St,Los Angeles,80227.0,Lawyer,1977-08-10
8558682848104836,Jane,Brown,M,Elm St,Houston,57938.0,Doctor,1959-07-13
6567344366019085,Bob,Williams,M,Elm St,Phoenix,70875.0,Teacher,1969-02-06
7589371177001440,Alice,Davis,M,Main St,New York,92418.0,Teacher,1971-08-06
1670136576727002,Joe,Clark,M,Main St,Houston,66422.0,Clerk,1963-01-06
6594365077067998,John,Davis,F,Maple St,Los Angeles,57913.0,Clerk,1958-04-21
6651183788888665,Joe,Wilson,M,1st Ave,New York,54263.0,Engineer,1985-04-14
9717133983921889,Jane,Jones,M,Main St,Phoenix,73991.0,Doctor,1976-06-02
1910965354492567,Mike,Davis,F,1st Ave,Los Angeles,77208.0,Teacher,1990-07-14
5884181976198689,Emily,Jones,M,Elm St,Phoenix,30018.0,Lawyer,1997-07-06
3638553752451595,Nancy,Brown,F,1st Ave,Houston,98200.0,Clerk,2000-06-28
4848697579499634,Emily,Wilson,M,Broadway,Phoenix,68483.0,Clerk,1959-06-28
8987460567181950,John,Wilson,F,2nd Ave,New York,23886.0,Lawyer,1973-03-31
3515908040765812,John,Wilson,M,Main St,Phoenix,56475.0,Engineer,1970-05-12
3109171021335584,Jane,Smith,F,Elm St,Houston,30250.0,Teacher,1980-07-29
7219933597539696,Joe,Smith,F,2nd Ave,Houston,19331.0,Doctor,1959-04-03
7907333390984824,Alice,Smith,F,Maple St,New York,76545.0,Engineer,1966-09-27
8014698683617966,John,Williams,M,2nd Ave,Chicago,34904.0,Engineer,1980-04-23
2769790783979271,Alice,Brown,M,Elm St,Chicago,51434.0,Clerk,1999-10-26
2669723414467567,Joe,Williams,F,Maple St,Phoenix,84523.0,Nurse,1972-04-05
3106926578836055,Emily,Jones,M,2nd Ave,Houston,50994.0,Engineer,1998-12-20
3223435946956034,Jane,Jones,M,1st Ave,Los Angeles,69754.0,Nurse,1968-01-07
3905943278911227,Mike,Smith,F,Elm St,Los Angeles,10165.0,Clerk,1979-04-17
4202427276329597,John,Smith,M,Elm St,Houston,13679.0,Clerk,1993-11-24
5368477443143269,Nancy,Brown,F,Maple St,Los Angeles,37304.0,Nurse,1955-03-27
1432308227575416,Joe,Jones,F,1st Ave,New York,72274.0,Artist,1962-09-04
4736860822102517,Emily,Brown,M,Broadway,Phoenix,41415.0,Teacher,1973-07-29
9683760449712765,Alice,Jones,F,Broadway,Houston,84114.0,Lawyer,1975-09-07
8470941245221842,Alice,Johnson,M,2nd Ave,Phoenix,13037.0,Doctor,1977-05-31
6650594478051972,Nancy,Brown,F,Elm St,New York,15088.0,Artist,1962-07-03
5258736585882790,Joe,Johnson,F,1st Ave,Los Angeles,11698.0,Engineer,1975-03-18
1263800267123995,Emily,Williams,F,Maple St,Houston,44831.0,Artist,1972-06-16
9213182727024257,Emily,Wilson,M,Elm St,New York,11191.0,Teacher,1984-02-06
5655580356526445,Bob,Clark,M,Maple St,New York,96852.0,Doctor,1965-12-26
8559786019451078,Joe,Clark,F,Maple St,Phoenix,17175.0,Engineer,1960-10-27
1608622929981943,Nancy,Jones,F,1st Ave,Houston,99525.0,Lawyer,1970-06-27
8349638894473732,Alice,Johnson,M,Broadway,Phoenix,48560.0,Lawyer,2000-08-27
8259337159266047,Nancy,Williams,F,Broadway,Phoenix,81090.0,Nurse,2006-02-13
2908693665601189,Joe,Clark,F,2nd Ave,New York,71751.0,Nurse,1994-04-01
3374946954718904,Emily,Clark,M,Maple St,Phoenix,73205.0,Clerk,1979-09-28
1462304938301625,Emily,Brown,F,Maple St,Los Angeles,49443.0,Doctor,2001-03-17
9541837491099829,Emily,Johnson,F,1st Ave,Los Angeles,86851.0,Engineer,1991-01-12
5332324828193112,Alice,Johnson,M,Maple St,New York,59032.0,Nurse,2000-05-20
2570242924797750,Jane,Williams,M,Broadway,Phoenix,34896.0,Teacher,2005-02-28
9429858771279832,Alice,Wilson,F,Main St,Los Angeles,55330.0,Artist,1960-06-21
3019859852174019,Bob,Clark,M,Broadway,Chicago,97951.0,Artist,1977-02-11
3825477590903238,Mike,Johnson,F,Elm St,Chicago,39124.0,Artist,1969-04-02
9129415985721587,Bob,Williams,M,Maple St,Phoenix,52999.0,Clerk,1960-05-26
2013184485085499,Nancy,Davis,F,Maple St,New York,31354.0,Nurse,1957-04-24
9335927815448227,Emily,Clark,F,Maple St,Los Angeles,69021.0,Doctor,1980-02-21
3645490551602577,Mike,Jones,F,1st Ave,Houston,60892.0,Teacher,1983-07-08
4524173365294743,John,Jones,M,Maple St,Houston,27498.0,Lawyer,1995-06-28
9220393228789837,Mike,Jones,M,Main St,Los Angeles,86706.0,Teacher,2004-08-22
9792378975841440,Joe,Johnson,M,Maple St,Phoenix,64905.0,Artist,1964-05-24
3444711143676652,Mike,Clark,F,Broadway,Chicago,64689.0,Doctor,1979-08-15
1147585821681035,Nancy,Johnson,M,Broadway,Chicago,65963.0,Lawyer,2006-01-30
5549236089382982,Nancy,Smith,M,1st Ave,Los Angeles,60594.0,Engineer,1996-05-13
4099101655193872,Joe,Clark,M,Main St,Chicago,79006.0,Doctor,1980-03-04
6539311345648820,Emily,Smith,M,1st Ave,Los Angeles,73746.0,Nurse,2006-03-04
1252933739632701,Emily,Williams,F,Broadway,New York,66218.0,Doctor,1983-07-29
9785910187654248,Bob,Clark,M,2nd Ave,Chicago,57107.0,Doctor,1962-03-23
9360531126114359,Jane,Johnson,M,1st Ave,Phoenix,76965.0,Doctor,1957-01-24
9588120311531720,Jane,Williams,F,Maple St,Chicago,89940.0,Lawyer,1972-02-07
4701851530034006,Mike,Clark,F,Broadway,Los Angeles,96888.0,Doctor,1998-10-22
9306858252733928,Bob,Brown,M,1st Ave,Houston,68598.0,Engineer,1965-10-10
9584956582057266,Joe,Wilson,M,Broadway,Chicago,31270.0,Doctor,1976-01-28
4926343777515265,Jane,Johnson,F,1st Ave,Los Angeles,68326.0,Nurse,2002-09-27
5152493336974002,Jane,Davis,F,Broadway,Chicago,43676.0,Clerk,1992-03-01
2938871353342013,Joe,Brown,M,Main St,Chicago,48459.0,Artist,1986-12-17
3114558956679204,Nancy,Johnson,M,Elm St,Chicago,90154.0,Teacher,1956-04-04
6552319973236466,Bob,Jones,M,Elm St,Houston,10630.0,Lawyer,1961-05-04
4023757617032502,Mike,Williams,M,1st Ave,Los Angeles,25665.0,Nurse,1960-08-27
3374101262052418,Emily,Clark,F,Maple St,New York,17159.0,Engineer,1996-05-22
2181444319351664,John,Davis,F,Broadway,Phoenix,18142.0,Doctor,1969-10-03
8312922758005357,Bob,Smith,F,Elm St,Houston,11291.0,Lawyer,2003-08-04
2124328322216035,Emily,Jones,F,Elm St,Phoenix,86937.0,Artist,1990-03-08
4042425858331213,Bob,Davis,M,1st Ave,Phoenix,83445.0,Lawyer,1958-12-30
9883751251623095,Bob,Smith,F,Maple St,New York,60907.0,Lawyer,1993-11-16
5663203574897119,Mike,Clark,F,1st Ave,Chicago,85626.0,Artist,1959-06-03
9327130915745972,Mike,Johnson,M,1st Ave,New York,90805.0,Artist,1987-03-04
6549608170633327,Nancy,Brown,F,2nd Ave,Phoenix,28613.0,Nurse,1984-09-27
3121551981572084,Emily,Brown,F,Main St,Houston,11811.0,Artist,1979-05-18
7716424052854202,Bob,Clark,M,Main St,Phoenix,53275.0,Clerk,1964-10-17
7831287143031995,Jane,Clark,F,Main St,Phoenix,49682.0,Clerk,1966-04-17
1436829912018823,John,Davis,F,Broadway,New York,10769.0,Teacher,1983-12-21
7987996588409030,Emily,Wilson,M,Broadway,Los Angeles,75813.0,Teacher,1978-11-14
8578473389283262,Alice,Clark,M,Main St,Phoenix,35378.0,Artist,1979-09-01
3101854255793028,Bob,Jones,M,1st Ave,Los Angeles,78844.0,Engineer,1971-01-23
8640116332642010,Bob,Smith,F,2nd Ave,Chicago,84995.0,Artist,1979-10-02
8767722631134271,Joe,Davis,F,Main St,Phoenix,57624.0,Nurse,1978-11-04
8270207132271332,Mike,Williams,F,Maple St,New York,70246.0,Nurse,1988-12-16
3121738729156154,Joe,Williams,M,1st Ave,Chicago,89101.0,Nurse,2001-10-22
7340107587133035,Mike,Clark,F,Elm St,Houston,39456.0,Artist,1990-10-14
7466488688331597,Alice,Wilson,F,2nd Ave,Phoenix,35229.0,Doctor,1961-09-24
9208657129036710,Joe,Williams,M,Broadway,New York,83971.0,Nurse,1982-11-06
4310175614109726,Emily,Smith,M,Elm St,Phoenix,,,1982-04-26
4784132158071590,Mike,Brown,F,Elm St,New York,58743.0,Lawyer,1970-08-01
1449148382867292,Mike,Brown,M,Maple St,New York,49971.0,Artist,1976-03-05
1907779773214182,Emily,Jones,M,Maple St,Los Angeles,80601.0,Artist,1998-09-04
2186656889233177,Jane,Wilson,M,Maple St,Phoenix,36175.0,Clerk,1969-02-17
2911549912927057,Nancy,Smith,M,Elm St,New York,52124.0,Lawyer,1996-05-24
9925842076749258,John,Johnson,F,1st Ave,New York,25009.0,Clerk,2004-10-09
8427424672422404,Nancy,Wilson,F,Main St,Chicago,42644.0,Lawyer,1981-02-15
8664856050655059,Jane,Johnson,M,Elm St,Phoenix,,,1973-03-19
8655453561086867,Bob,Williams,F,Main St,Chicago,93076.0,Nurse,1973-02-21
7779498639042316,Jane,Davis,M,Elm St,Los Angeles,46823.0,Artist,1961-07-21
7421854958098765,Emily,Davis,M,1st Ave,Los Angeles,56702.0,Lawyer,1969-01-15
1233198325625451,Alice,Clark,M,Main St,New York,99361.0,Engineer,1966-01-19
5808218372801626,Nancy,Davis,M,Broadway,New York,58728.0,Engineer,1985-05-28
9883663871574738,Jane,Brown,M,2nd Ave,New York,12065.0,Teacher,1969-02-09
6976292893156796,Nancy,Brown,M,Elm St,Phoenix,85747.0,Doctor,1964-09-24
6971877378388979,Mike,Wilson,F,Elm St,Phoenix,21161.0,Doctor,1985-02-08
3665187874702447,Alice,Smith,F,1st Ave,Houston,46691.0,Teacher,1967-01-20
2956122249609883,Alice,Clark,M,2nd Ave,New York,11383.0,Clerk,1985-03-26
9215508615602413,Joe,Smith,F,Maple St,Chicago,59020.0,Lawyer,1984-10-13
2378612385959587,Bob,Jones,M,Main St,Houston,93795.0,Lawyer,1966-07-17
8541991134015686,Bob,Smith,F,Elm St,Phoenix,88700.0,Nurse,1990-05-21
8249625360285184,Mike,Jones,F,Broadway,Phoenix,93715.0,Clerk,2006-07-28
1533688383106014,Nancy,Williams,F,Maple St,New York,59173.0,Doctor,1981-03-31
5859421056456851,Nancy,Williams,M,Maple St,Chicago,81896.0,Nurse,1971-07-18
6793188173365978,Joe,Brown,F,Broadway,Chicago,66148.0,Nurse,1955-06-04
9034730091247138,John,Wilson,M,1st Ave,Los Angeles,75004.0,Doctor,1988-11-08
1923803664149198,Nancy,Wilson,M,Maple St,New York,98557.0,Lawyer,1956-10-04
2780949145106018,Alice,Wilson,M,Elm St,Phoenix,83928.0,Clerk,1975-06-09
2433145716224582,Nancy,Brown,F,1st Ave,New York,24315.0,Engineer,1975-02-21
4179794986833466,Nancy,Clark,M,2nd Ave,New York,19480.0,Lawyer,1989-07-18
3837891589584820,Mike,Brown,F,Broadway,Los Angeles,46538.0,Lawyer,2001-04-02
8136857573405336,Bob,Johnson,F,Broadway,Los Angeles,21552.0,Nurse,2001-11-04
7590886964031562,Bob,Jones,F,1st Ave,Houston,12310.0,Nurse,1971-08-12
1435688235905981,John,Davis,M,2nd Ave,New York,55472.0,Clerk,1968-10-12
4989637927125098,Alice,Davis,M,Maple St,Phoenix,24944.0,Nurse,2006-01-26
3781810742779391,Alice,Williams,F,Main St,Los Angeles,68298.0,Doctor,1987-05-04
7974810632721799,Mike,Jones,M,2nd Ave,Houston,53100.0,Doctor,1978-01-09
2619937441599936,John,Clark,F,1st Ave,Houston,31248.0,Teacher,1984-09-02
9396434859431114,Jane,Johnson,M,Maple St,Houston,64900.0,Nurse,1992-04-08
7690946116511013,Mike,Johnson,F,Maple St,Phoenix,31342.0,Doctor,1978-03-23
9872306838349206,Alice,Williams,M,Maple St,Los Angeles,57283.0,Teacher,1969-06-10
3034332733302302,Mike,Williams,F,1st Ave,Chicago,54327.0,Clerk,1985-03-24
8196647793156490,Joe,Brown,M,2nd Ave,Phoenix,57531.0,Artist,1965-06-13
2445470877841368,Nancy,Clark,M,1st Ave,New York,46134.0,Nurse,1995-06-20
8743665645326677,Mike,Johnson,F,Broadway,Chicago,51491.0,Nurse,1978-08-04
7360288172913753,Mike,Brown,M,1st Ave,Phoenix,11376.0,Engineer,1968-09-10
3649995311544515,Mike,Williams,F,Main St,Los Angeles,26258.0,Doctor,2002-07-27
1197876871273321,Alice,Davis,M,Broadway,Houston,93591.0,Teacher,1962-07-21
5158700527909339,John,Clark,F,Elm St,Phoenix,84606.0,Nurse,1956-11-25
8668206855068766,John,Johnson,F,Broadway,New York,52617.0,Doctor,1995-06-22
9634137738582084,Bob,Johnson,M,Broadway,New York,64922.0,Teacher,1991-12-05
3655892194803886,Emily,Smith,F,Broadway,New York,42793.0,Engineer,1965-05-18
2363500895528327,Bob,Johnson,F,Maple St,Chicago,21990.0,Teacher,1979-03-24
2898586114309745,Jane,Brown,M,2nd Ave,Houston,44341.0,Nurse,1994-07-28
2034547486255620,Joe,Smith,F,Elm St,Phoenix,25647.0,Lawyer,1984-07-19
3276644916419412,John,Wilson,M,Main St,Chicago,75732.0,Clerk,1982-02-13
2556236132079148,Mike,Johnson,F,Broadway,Phoenix,79743.0,Lawyer,1980-04-02
6109988432551061,Nancy,Smith,M,2nd Ave,Los Angeles,28062.0,Engineer,2002-03-19
8076443294722205,Nancy,Johnson,F,1st Ave,Los Angeles,20172.0,Artist,1962-11-01
2610627570699769,Joe,Jones,F,Elm St,Phoenix,15994.0,Nurse,1995-11-24
4599281933436441,Joe,Davis,M,Maple St,Chicago,20035.0,Nurse,1971-10-13
3500853558504874,Emily,Wilson,F,Main St,New York,31974.0,Doctor,1981-07-21
2922323234916060,Nancy,Brown,F,Elm St,Chicago,39053.0,Lawyer,1976-10-25
6088226721187004,Bob,Brown,F,Main St,Chicago,13218.0,Doctor,1985-07-05
1704801862125701,Mike,Clark,F,Main St,Phoenix,22665.0,Nurse,2000-12-15
3699175968885704,Joe,Wilson,F,1st Ave,Chicago,17248.0,Engineer,1957-02-01
3617504437223636,Jane,Smith,F,Main St,Los Angeles,72478.0,Artist,1978-02-16
8627350230565730,Nancy,Jones,F,1st Ave,Phoenix,12001.0,Lawyer,1960-07-06
8468378942633195,Nancy,Smith,F,Broadway,Phoenix,59174.0,Clerk,1991-09-10
2616871589182697,John,Smith,F,Elm St,Phoenix,71775.0,Doctor,1967-07-10
8820313880681299,Alice,Williams,F,Main St,Chicago,68557.0,Engineer,1967-09-30
5242539558703606,Nancy,Clark,M,1st Ave,Houston,18147.0,Nurse,1963-08-26
2052428942839183,Jane,Smith,M,Broadway,New York,28712.0,Teacher,1989-03-12
2648305914665321,Alice,Johnson,M,Elm St,New York,65455.0,Teacher,1960-02-22
1643674184442373,Joe,Clark,M,Broadway,Los Angeles,65579.0,Lawyer,2003-12-22
3183230737114486,John,Williams,M,2nd Ave,Phoenix,61290.0,Artist,1981-10-05
3954933585918539,Alice,Williams,F,Elm St,New York,97667.0,Artist,1977-01-02
3495779151834535,Joe,Wilson,F,1st Ave,Chicago,91626.0,Engineer,1995-07-11
7502446197154172,John,Smith,F,Main St,Chicago,96499.0,Doctor,2003-05-28
5061190530907283,Mike,Williams,M,1st Ave,Chicago,14235.0,Clerk,1978-03-20
9528388722289058,Jane,Clark,M,Maple St,Los Angeles,86819.0,Engineer,1986-08-26
7939472386432209,Nancy,Brown,F,1st Ave,Phoenix,33890.0,Lawyer,1994-04-22
8519900848162481,Mike,Davis,F,1st Ave,New York,48297.0,Nurse,1955-11-06
8088313964262280,John,Williams,F,Elm St,Phoenix,73470.0,Artist,1975-11-22
7108530278699488,John,Williams,F,Elm St,Phoenix,77172.0,Engineer,1997-03-07
9682491472285308,Mike,Wilson,M,2nd Ave,Chicago,27322.0,Lawyer,2005-10-01
3548922216291042,Emily,Johnson,M,Maple St,New York,39897.0,Clerk,1979-05-07
3571368785097130,Mike,Brown,M,Broadway,Los Angeles,84651.0,Lawyer,1956-01-29
7223774777137959,Mike,Williams,M,Maple St,Phoenix,26204.0,Doctor,1956-08-02
8668740190742425,Jane,Johnson,F,1st Ave,Houston,30504.0,Nurse,1974-07-10
1619586225993050,Jane,Brown,F,2nd Ave,Chicago,32386.0,Engineer,1994-01-08
2507529035055577,Emily,Clark,F,2nd Ave,Houston,31710.0,Lawyer,1997-01-14
4447576593145539,John,Williams,F,Elm St,Los Angeles,85153.0,Nurse,1993-03-14
9711767744951672,Bob,Smith,M,Broadway,Los Angeles,67511.0,Doctor,1967-01-11
3267542964447615,Joe,Williams,F,2nd Ave,Los Angeles,76902.0,Clerk,1995-08-11
2670569089913741,Mike,Davis,F,Main St,Los Angeles,33618.0,Lawyer,1960-08-07
3302325965752194,Alice,Brown,M,2nd Ave,New York,23322.0,Doctor,1955-07-27
7567325424021788,Alice,Davis,F,Elm St,Houston,72628.0,Nurse,1998-07-24
8875507560444684,Nancy,Williams,F,1st Ave,Chicago,83867.0,Doctor,1964-08-19
1055239176034803,Emily,Clark,M,Elm St,Houston,73968.0,Engineer,1955-01-30
7987891252174077,Nancy,Davis,M,Elm St,New York,52245.0,Doctor,1958-12-11
3113326356254024,Alice,Brown,F,Broadway,Phoenix,18697.0,Clerk,1961-08-27
2923383360836086,Emily,Smith,M,Maple St,Los Angeles,76373.0,Teacher,1970-03-23
7994632523825454,Joe,Williams,F,Main St,Phoenix,60091.0,Teacher,1965-03-24
1827958045812711,Mike,Brown,F,Main St,Los Angeles,14308.0,Teacher,2003-05-19
9513385288625384,Bob,Wilson,F,Maple St,Chicago,98408.0,Teacher,2000-01-10
2824996513689857,Emily,Davis,M,Broadway,Los Angeles,10558.0,Engineer,1986-12-02
3557438814979635,Nancy,Clark,F,Broadway,Los Angeles,69427.0,Lawyer,1998-03-04
1745161679598796,Nancy,Johnson,F,2nd Ave,Phoenix,75105.0,Teacher,1996-03-03
3806255667961252,Bob,Davis,F,Maple St,Phoenix,84795.0,Artist,1959-01-26
7952997672447057,Emily,Williams,F,Main St,Phoenix,25254.0,Teacher,1969-04-03
9266603928937790,Emily,Clark,F,Elm St,New York,34982.0,Clerk,1960-10-01
4280327799044859,Joe,Davis,F,Maple St,Los Angeles,78642.0,Lawyer,1987-09-23
8860980592925156,Nancy,Wilson,M,2nd Ave,Phoenix,40012.0,Teacher,1974-09-14
5842215724538863,Jane,Davis,M,Main St,New York,68064.0,Artist,1988-05-30
1847998947314140,Bob,Davis,M,Maple St,Chicago,14261.0,Lawyer,1986-11-05
1749745749156788,Alice,Smith,M,1st Ave,Chicago,66499.0,Teacher,1970-07-08
9584208184125852,Nancy,Johnson,F,Elm St,Los Angeles,79121.0,Artist,1997-04-29
9909505812609127,Alice,Clark,F,Maple St,Phoenix,,,2006-06-08
9546962175644518,Mike,Davis,M,Elm St,Los Angeles,19693.0,Lawyer,1961-09-02
8774228353609192,Jane,Williams,M,2nd Ave,Los Angeles,66672.0,Nurse,1987-02-21
7887202840693738,Emily,Brown,M,Main St,Los Angeles,88358.0,Doctor,1990-06-11
3561874574386900,Nancy,Wilson,M,Broadway,New York,18221.0,Lawyer,1960-02-05
9879956442296963,John,Jones,F,1st Ave,Los Angeles,70178.0,Teacher,1979-06-06
1612479531293860,Emily,Davis,M,Elm St,Chicago,43446.0,Engineer,1985-01-02
7653140342705377,Jane,Johnson,F,Broadway,Phoenix,34799.0,Lawyer,1983-05-06
1474644886236526,John,Brown,F,Broadway,Houston,23851.0,Teacher,1962-04-12
4964352289927428,Emily,Johnson,F,Broadway,Houston,66776.0,Lawyer,1962-12-21
7297503677315534,Jane,Wilson,M,Broadway,Houston,96076.0,Nurse,1991-09-01
4471669536183065,Bob,Williams,M,2nd Ave,Phoenix,16319.0,Engineer,1978-10-23
5383688248704790,Jane,Smith,M,Maple St,Los Angeles,57711.0,Engineer,1968-04-22
6610946580403814,Mike,Davis,F,Maple St,Phoenix,81820.0,Teacher,1964-06-27
3418944575145652,John,Smith,M,Elm St,Phoenix,46949.0,Doctor,1974-10-12
6631636323843968,Nancy,Clark,F,Broadway,New York,46327.0,Clerk,1977-11-06
1784884950003325,Joe,Davis,F,Broadway,Phoenix,13466.0,Nurse,1961-08-14
3409360840097126,Nancy,Davis,F,Main St,New York,71792.0,Doctor,1964-04-04
4949297680524476,Bob,Johnson,F,Elm St,Chicago,27831.0,Engineer,2003-12-29
4203557817968130,Bob,Clark,M,Maple St,New York,82811.0,Clerk,1991-10-22
5164246956163894,Nancy,Jones,F,1st Ave,Houston,88002.0,Artist,1958-10-26
1460873591138836,Jane,Clark,F,Broadway,New York,74463.0,Engineer,1989-07-18
4286269579619574,Bob,Williams,F,2nd Ave,Chicago,44717.0,Clerk,2005-11-03
5451893388549510,Nancy,Brown,F,Maple St,Phoenix,57742.0,Artist,2005-01-14
6809116519249329,Alice,Williams,M,Broadway,Houston,14509.0,Doctor,1955-08-19
9548426443036454,Nancy,Jones,F,Broadway,New York,59926.0,Artist,1973-09-29
9171364575069803,Alice,Wilson,F,Maple St,Los Angeles,35666.0,Artist,1982-05-04
6165732770253866,Alice,Wilson,F,Broadway,Phoenix,59630.0,Lawyer,1983-06-24
8599710168732365,Jane,Brown,M,Elm St,Houston,68505.0,Doctor,1966-09-07
5678196860979358,John,Jones,M,Elm St,Houston,79496.0,Artist,1994-03-28
3588457237642318,Jane,Williams,M,Broadway,New York,42357.0,Doctor,1997-06-14
7855703930974671,Mike,Williams,F,2nd Ave,Phoenix,27700.0,Artist,1961-06-03
7873618782013964,Joe,Johnson,M,1st Ave,Phoenix,10014.0,Lawyer,1995-12-22
4684161490927376,Bob,Davis,F,Main St,Los Angeles,95417.0,Lawyer,1955-01-06
8665891562896750,Alice,Clark,M,1st Ave,Los Angeles,57859.0,Artist,1981-01-12
3847281876077333,Jane,Wilson,M,Maple St,Houston,59274.0,Lawyer,1978-08-29
5827659727418265,Nancy,Jones,F,2nd Ave,Houston,96677.0,Nurse,1988-01-10
1379131789999976,Jane,Smith,M,Maple St,Chicago,77454.0,Engineer,1987-12-03
1864334981381032,Bob,Jones,M,Maple St,Houston,62195.0,Artist,2006-04-12
4307430917219010,Jane,Jones,F,Maple St,Los Angeles,,,1989-05-15
6188146819318384,Alice,Wilson,F,Maple St,New York,23643.0,Lawyer,1961-09-19
4283288712594474,Nancy,Brown,F,2nd Ave,Chicago,69163.0,Artist,1978-01-31
8746518545572305,Bob,Clark,M,1st Ave,Houston,,,1980-10-31
8322363510724532,John,Davis,F,1st Ave,Los Angeles,39917.0,Lawyer,1980-10-22
1192936012936393,Joe,Brown,F,Maple St,Chicago,78303.0,Nurse,1984-02-25
3460245159749480,Alice,Wilson,M,Broadway,New York,90146.0,Nurse,2001-12-23
9936634565884114,Joe,Johnson,F,1st Ave,New York,37127.0,Teacher,2002-02-09
3612143410559240,Mike,Smith,M,Maple St,Los Angeles,55055.0,Doctor,1957-05-14
9852319985897582,Nancy,Wilson,F,1st Ave,Phoenix,26942.0,Clerk,1955-12-24
8299329211991767,Mike,Williams,F,Broadway,Los Angeles,20866.0,Engineer,1966-03-25
7262605390965102,Emily,Smith,F,2nd Ave,Los Angeles,20135.0,Artist,2004-10-21
4085384223659505,Emily,Smith,M,Elm St,Los Angeles,24858.0,Engineer,2003-01-12
2738392767276312,Bob,Smith,F,Broadway,Phoenix,76124.0,Nurse,1963-01-17
6538122454518198,Alice,Wilson,F,1st Ave,Houston,44121.0,Doctor,1969-04-04
2074110786653074,Emily,Johnson,M,Main St,Houston,97260.0,Nurse,1966-11-30
1326572739307092,Alice,Johnson,F,1st Ave,New York,27973.0,Clerk,1984-01-03
1726364685893309,Alice,Wilson,F,Main St,Houston,67402.0,Artist,1973-08-22
6035671487444761,Nancy,Smith,M,Broadway,Los Angeles,83361.0,Clerk,1998-01-22
3279153875882913,Mike,Williams,M,Elm St,Houston,46483.0,Teacher,1986-11-27
9296779798358301,Bob,Williams,F,Elm St,Phoenix,34783.0,Artist,1997-08-27
2222904631897475,Mike,Wilson,F,Main St,Houston,28769.0,Teacher,1980-05-29
9385288847241816,Nancy,Williams,M,2nd Ave,Los Angeles,70628.0,Teacher,1979-12-13
1437812947227281,Emily,Johnson,M,Main St,Houston,43077.0,Artist,1975-04-20
8128935484137719,Jane,Brown,M,Main St,New York,32936.0,Artist,1962-06-03
3172156793674798,Emily,Wilson,F,Maple St,Houston,77197.0,Nurse,1998-03-02
3319792797493996,Joe,Williams,F,Broadway,New York,12185.0,Doctor,1970-01-22
1734387560767038,John,Brown,M,1st Ave,Chicago,45206.0,Artist,1962-02-03
8088686348053599,Mike,Smith,M,2nd Ave,Phoenix,82061.0,Lawyer,1985-10-12
8009938390432138,Bob,Wilson,F,Maple St,New York,19972.0,Engineer,1984-12-04
1495869157523926,Mike,Williams,F,Maple St,Chicago,31184.0,Lawyer,1975-08-12
6660481165493290,Joe,Smith,M,Main St,Chicago,44656.0,Doctor,1979-05-04
4491697206636527,TestFirst0,TestLast0,F,485 Test St,Test City,61512,Clerk,1988-06-14
5683588910067478,TestFirst1,TestLast1,M,709 Test St,Test City,23804,Teacher,1991-10-07
1254144954119050,TestFirst2,TestLast2,F,760 Test St,Test City,66710,Teacher,1955-08-27
3378042663686867,TestFirst3,TestLast3,M,281 Test St,Test City,64877,Teacher,1955-01-14
8655998288450949,TestFirst4,TestLast4,M,119 Test St,Test City,96984,Doctor,1961-11-01
9568147955524817,TestFirst5,TestLast5,M,354 Test St,Test City,66562,Doctor,1978-05-22
7184673287835802,TestFirst6,TestLast6,M,944 Test St,Test City,65392,Lawyer,1968-01-08
6905316705853865,TestFirst7,TestLast7,M,565 Test St,Test City,93222,Engineer,1950-01-27
9923816345551016,TestFirst8,TestLast8,F,423 Test St,Test City,64571,Lawyer,1957-12-15
5160492334012253,TestFirst9,TestLast9,M,670 Test St,Test City,87713,Clerk,1987-06-10
6672051726755609,TestFirst10,TestLast10,M,130 Test St,Test City,89635,Engineer,1973-10-08
7315730726537328,TestFirst11,TestLast11,M,619 Test St,Test City,40861,Lawyer,1950-01-20
2660874889102052,TestFirst12,TestLast12,F,542 Test St,Test City,49059,Engineer,1985-08-27
5945421947786238,TestFirst13,TestLast13,M,560 Test St,Test City,53208,Teacher,1988-08-09
4936974159985826,TestFirst14,TestLast14,F,676 Test St,Test City,24207,Lawyer,1988-03-09
1297747970411551,TestFirst15,TestLast15,F,444 Test St,Test City,77594,Doctor,1978-08-19
2454540781729293,TestFirst16,TestLast16,F,404 Test St,Test City,94080,Lawyer,1993-05-17
4237748700328337,TestFirst17,TestLast17,F,116 Test St,Test City,50653,Doctor,1956-11-03
9913590022909514,TestFirst18,TestLast18,F,819 Test St,Test City,17049,Teacher,1976-10-18
9859408674639534,TestFirst19,TestLast19,M,849 Test St,Test City,14110,Doctor,1979-11-17
1848614961725131,TestFirst20,TestLast20,F,30 Test St,Test City,88628,Lawyer,1968-05-20
5376627803764337,TestFirst21,TestLast21,M,759 Test St,Test City,93150,Clerk,1965-09-25
8538683793706952,TestFirst22,TestLast22,M,911 Test St,Test City,18937,Lawyer,1963-06-15
6624582838462944,TestFirst23,TestLast23,M,948 Test St,Test City,85290,Lawyer,1955-05-22
3882068295346050,TestFirst24,TestLast24,F,693 Test St,Test City,17208,Teacher,1951-05-15
2868617412055032,TestFirst25,TestLast25,F,844 Test St,Test City,78251,Doctor,1961-09-27
1370124048381084,TestFirst26,TestLast26,M,27 Test St,Test City,86341,Clerk,1958-08-09
4547850060326355,TestFirst27,TestLast27,M,339 Test St,Test City,99869,Teacher,1953-09-01
3500063546390073,TestFirst28,TestLast28,M,217 Test St,Test City,10275,Teacher,1993-07-09
1808228936642008,TestFirst29,TestLast29,M,122 Test St,Test City,39611,Doctor,1965-10-17
4113345811048359,TestFirst30,TestLast30,F,179 Test St,Test City,53654,Doctor,1961-09-26
9310078623566331,TestFirst31,TestLast31,F,994 Test St,Test City,74724,Lawyer,1971-08-07
2254130849964395,TestFirst32,TestLast32,M,600 Test St,Test City,70216,Doctor,1991-07-23
8154422617065596,TestFirst33,TestLast33,F,848 Test St,Test City,99885,Doctor,1997-07-11
9117441336774970,TestFirst34,TestLast34,F,533 Test St,Test City,68736,Clerk,1973-06-17
9496565893783298,TestFirst35,TestLast35,F,853 Test St,Test City,78807,Teacher,1968-06-23
2216115740900538,TestFirst36,TestLast36,F,111 Test St,Test City,51104,Clerk,1982-12-09
7905548492308846,TestFirst37,TestLast37,F,453 Test St,Test City,65150,Clerk,1953-03-15
9939447573316257,TestFirst38,TestLast38,M,438 Test St,Test City,14741,Teacher,1971-09-28
9888098878441591,TestFirst39,TestLast39,M,778 Test St,Test City,71102,Doctor,1985-11-07
5059278286995893,TestFirst40,TestLast40,F,237 Test St,Test City,99861,Teacher,1980-03-05
1535535839834313,TestFirst41,TestLast41,M,368 Test St,Test City,48849,Engineer,1953-01-01
7381324965140812,TestFirst42,TestLast42,M,382 Test St,Test City,39192,Teacher,1998-10-18
8360747223299237,TestFirst43,TestLast43,M,83 Test St,Test City,72144,Clerk,1998-07-20
4734422127918118,TestFirst44,TestLast44,M,577 Test St,Test City,56488,Lawyer,1968-12-20
4058280985505395,TestFirst45,TestLast45,F,374 Test St,Test City,97250,Doctor,1986-03-03
1749703281484585,TestFirst46,TestLast46,M,740 Test St,Test City,31750,Engineer,1966-09-23
4982979488642298,TestFirst47,TestLast47,F,63 Test St,Test City,32104,Lawyer,1952-05-25
7617576655888052,TestFirst48,TestLast48,F,799 Test St,Test City,65705,Lawyer,1998-07-11
1524881038986874,TestFirst49,TestLast49,M,743 Test St,Test City,28446,Clerk,1960-08-10
3256002542736536,TestFirst50,TestLast50,M,822 Test St,Test City,60024,Clerk,1966-05-04
9994533380463029,TestFirst51,TestLast51,F,223 Test St,Test City,75527,Teacher,1991-06-26
4212822705918308,TestFirst52,TestLast52,F,864 Test St,Test City,36566,Teacher,1966-12-16
5620482878723130,TestFirst53,TestLast53,M,109 Test St,Test City,40093,Doctor,1974-10-09
9449900287862324,TestFirst54,TestLast54,F,763 Test St,Test City,95666,Clerk,1978-07-18
6624740995702653,TestFirst55,TestLast55,F,236 Test St,Test City,46797,Lawyer,1974-06-08
4036375546186056,TestFirst56,TestLast56,F,509 Test St,Test City,69323,Clerk,1993-05-05
4702056587136712,TestFirst57,TestLast57,F,761 Test St,Test City,56302,Doctor,1958-06-11
3530953117040257,TestFirst58,TestLast58,M,10 Test St,Test City,61807,Lawyer,1997-11-06
9677820889829059,TestFirst59,TestLast59,M,32 Test St,Test City,54954,Engineer,1988-10-02
1752467965316559,TestFirst60,TestLast60,F,135 Test St,Test City,42438,Doctor,1986-06-12
6063136518383267,TestFirst61,TestLast61,M,155 Test St,Test City,99152,Lawyer,1991-07-27
4949616620267793,TestFirst62,TestLast62,M,115 Test St,Test City,72007,Lawyer,1975-07-02
8900944501925387,TestFirst63,TestLast63,M,424 Test St,Test City,37401,Lawyer,1953-11-17
4978917114119285,TestFirst64,TestLast64,F,82 Test St,Test City,34085,Lawyer,1990-05-08
3989603680259992,TestFirst65,TestLast65,M,884 Test St,Test City,75962,Doctor,1981-04-10
2594497800523130,TestFirst66,TestLast66,M,878 Test St,Test City,80364,Doctor,1998-08-08
2039948905931857,TestFirst67,TestLast67,M,907 Test St,Test City,79982,Engineer,1981-04-12
6452593798881681,TestFirst68,TestLast68,M,716 Test St,Test City,26533,Lawyer,1989-05-03
2085288072766022,TestFirst69,TestLast69,M,725 Test St,Test City,62803,Engineer,1963-04-20
6080363012501242,TestFirst70,TestLast70,M,390 Test St,Test City,81997,Teacher,1955-02-23
7577690275618010,TestFirst71,TestLast71,F,512 Test St,Test City,70237,Engineer,1984-03-11
9869406508582321,TestFirst72,TestLast72,F,849 Test St,Test City,53845,Lawyer,1963-08-16
7978471191137699,TestFirst73,TestLast73,F,781 Test St,Test City,51070,Lawyer,1952-11-04
8641709210789460,TestFirst74,TestLast74,F,430 Test St,Test City,62135,Doctor,1954-04-26
5713842981222118,TestFirst75,TestLast75,M,398 Test St,Test City,55757,Teacher,1954-11-16
8149117117541145,TestFirst76,TestLast76,M,689 Test St,Test City,84776,Lawyer,1989-05-25
5330288783823571,TestFirst77,TestLast77,F,95 Test St,Test City,26181,Lawyer,1964-05-03
1951111219654508,TestFirst78,TestLast78,F,206 Test St,Test City,56229,Teacher,1975-07-28
7398253344859827,TestFirst79,TestLast79,F,231 Test St,Test City,32239,Engineer,1979-03-15
9634433637214180,TestFirst80,TestLast80,F,797 Test St,Test City,24430,Teacher,1962-06-10
3069163699237907,TestFirst81,TestLast81,F,782 Test St,Test City,43900,Engineer,1964-08-01
1228287482773221,TestFirst82,TestLast82,F,770 Test St,Test City,41435,Clerk,1959-04-15
2703762170382222,TestFirst83,TestLast83,M,166 Test St,Test City,40352,Clerk,1962-02-14
8504529060202692,TestFirst84,TestLast84,F,524 Test St,Test City,64610,Clerk,1959-10-28
4959377667381201,TestFirst85,TestLast85,M,565 Test St,Test City,43125,Doctor,1950-06-01
8271493014183141,TestFirst86,TestLast86,M,127 Test St,Test City,19576,Engineer,1991-09-13
5368301398305789,TestFirst87,TestLast87,F,311 Test St,Test City,79203,Lawyer,1953-11-28
1135476141630558,TestFirst88,TestLast88,M,299 Test St,Test City,54636,Clerk,1970-09-18
9297907707489213,TestFirst89,TestLast89,F,501 Test St,Test City,51351,Clerk,2000-05-16
8331738445365884,TestFirst90,TestLast90,F,135 Test St,Test City,50086,Lawyer,1994-05-22
2762537615033297,TestFirst91,TestLast91,M,587 Test St,Test City,85899,Clerk,1972-07-22
7149117802207092,TestFirst92,TestLast92,F,664 Test St,Test City,94579,Clerk,1990-10-23
7806070800679805,TestFirst93,TestLast93,M,430 Test St,Test City,33094,Clerk,1982-11-02
3854209277925875,TestFirst94,TestLast94,F,53 Test St,Test City,94901,Doctor,1955-01-20
1161443308007682,TestFirst95,TestLast95,F,393 Test St,Test City,54596,Engineer,1971-03-24
8898224153494349,TestFirst96,TestLast96,M,49 Test St,Test City,58775,Engineer,1984-08-14
9812171407923350,TestFirst97,TestLast97,F,582 Test St,Test City,76053,Engineer,1962-12-13
7841160067409545,TestFirst98,TestLast98,F,860 Test St,Test City,86640,Teacher,1956-04-07
3832654299198148,TestFirst99,TestLast99,M,258 Test St,Test City,58583,Teacher,1989-12-13
